ISO-10303-21;
HEADER;
FILE_DESCRIPTION(('ViewDefinition[DesignTransferView]'),'2;1');
FILE_NAME('Haroon.ifc','2026-09-11T17:48:36+05:30',(''),(''),'IfcOpenShell 0.8.5','Bonsai 0.8.5','Nobody');
FILE_SCHEMA(('IFC4X3_ADD2'));
ENDSEC;
DATA;
#1=IFCPROJECT('3Nc$W10oX39R9nokYWVXQQ',$,'My Project',$,$,$,$,(#10,#22),#5);
#2=IFCSIUNIT(*,.LENGTHUNIT.,$,.METRE.);
#3=IFCSIUNIT(*,.AREAUNIT.,$,.SQUARE_METRE.);
#4=IFCSIUNIT(*,.VOLUMEUNIT.,$,.CUBIC_METRE.);
#5=IFCUNITASSIGNMENT((#2,#3,#4));
#6=IFCCARTESIANPOINT((0.,0.,0.));
#7=IFCDIRECTION((0.,0.,1.));
#8=IFCDIRECTION((1.,0.,0.));
#9=IFCAXIS2PLACEMENT3D(#6,#7,#8);
#10=IFCGEOMETRICREPRESENTATIONCONTEXT($,'Model',3,1.0000000000000001E-05,#9,$);
#11=IFCGEOMETRICREPRESENTATIONSUBCONTEXT('Body','Model',*,*,*,*,#10,$,.MODEL_VIEW.,$);
#12=IFCGEOMETRICREPRESENTATIONSUBCONTEXT('Axis','Model',*,*,*,*,#10,$,.GRAPH_VIEW.,$);
#13=IFCGEOMETRICREPRESENTATIONSUBCONTEXT('Box','Model',*,*,*,*,#10,$,.MODEL_VIEW.,$);
#14=IFCGEOMETRICREPRESENTATIONSUBCONTEXT('Annotation','Model',*,*,*,*,#10,$,.SECTION_VIEW.,$);
#15=IFCGEOMETRICREPRESENTATIONSUBCONTEXT('Annotation','Model',*,*,*,*,#10,$,.ELEVATION_VIEW.,$);
#16=IFCGEOMETRICREPRESENTATIONSUBCONTEXT('Annotation','Model',*,*,*,*,#10,$,.MODEL_VIEW.,$);
#17=IFCGEOMETRICREPRESENTATIONSUBCONTEXT('Annotation','Model',*,*,*,*,#10,$,.PLAN_VIEW.,$);
#18=IFCGEOMETRICREPRESENTATIONSUBCONTEXT('Profile','Model',*,*,*,*,#10,$,.ELEVATION_VIEW.,$);
#19=IFCCARTESIANPOINT((0.,0.));
#20=IFCDIRECTION((1.,0.));
#21=IFCAXIS2PLACEMENT2D(#19,#20);
#22=IFCGEOMETRICREPRESENTATIONCONTEXT($,'Plan',2,1.0000000000000001E-05,#21,$);
#23=IFCGEOMETRICREPRESENTATIONSUBCONTEXT('Axis','Plan',*,*,*,*,#22,$,.GRAPH_VIEW.,$);
#24=IFCGEOMETRICREPRESENTATIONSUBCONTEXT('Body','Plan',*,*,*,*,#22,$,.PLAN_VIEW.,$);
#25=IFCGEOMETRICREPRESENTATIONSUBCONTEXT('Annotation','Plan',*,*,*,*,#22,$,.PLAN_VIEW.,$);
#26=IFCGEOMETRICREPRESENTATIONSUBCONTEXT('Annotation','Plan',*,*,*,*,#22,$,.REFLECTED_PLAN_VIEW.,$);
#27=IFCSITE('18E0QpV1vAqhpxqK4cBvm$',$,'My Site',$,$,#50,$,$,$,$,$,$,$,$);
#33=IFCBUILDING('39LUp5juL5SBeUfotbM0rp',$,'My Building',$,$,#56,$,$,$,$,$,$);
#39=IFCBUILDINGSTOREY('1eJWHZHV9FMAU2qxsD42Cb',$,'My Storey',$,$,#62,$,$,$,$);
#45=IFCRELAGGREGATES('0tThk9CjP2ue33$pzSJnQI',$,$,$,#1,(#27));
#46=IFCCARTESIANPOINT((0.,0.,0.));
#47=IFCDIRECTION((0.,0.,1.));
#48=IFCDIRECTION((1.,0.,0.));
#49=IFCAXIS2PLACEMENT3D(#46,#47,#48);
#50=IFCLOCALPLACEMENT($,#49);
#51=IFCRELAGGREGATES('1fSf_AKiDBKRUvtaSsdxgn',$,$,$,#27,(#33));
#52=IFCCARTESIANPOINT((0.,0.,0.));
#53=IFCDIRECTION((0.,0.,1.));
#54=IFCDIRECTION((1.,0.,0.));
#55=IFCAXIS2PLACEMENT3D(#52,#53,#54);
#56=IFCLOCALPLACEMENT(#50,#55);
#57=IFCRELAGGREGATES('15LwZjo$PFDewVVWB9uOxX',$,$,$,#33,(#39));
#58=IFCCARTESIANPOINT((0.,0.,0.));
#59=IFCDIRECTION((0.,0.,1.));
#60=IFCDIRECTION((1.,0.,0.));
#61=IFCAXIS2PLACEMENT3D(#58,#59,#60);
#62=IFCLOCALPLACEMENT(#56,#61);
#63=IFCPROPERTYSINGLEVALUE('Symbol',$,IFCLABEL('setout-point'),$);
#64=IFCPROPERTYSET('27lmSbeAXC08EWkEq8XdUG',$,'EPset_Annotation',$,(#63));
#65=IFCTYPEPRODUCT('0UrP0fLdD5OwzwD41aRKao',$,'SETOUT-POINT',$,'IfcAnnotation/SYMBOL',(#64),$,$);
#66=IFCPROPERTYSINGLEVALUE('Symbol',$,IFCLABEL('control-point'),$);
#67=IFCPROPERTYSET('23aN9DsdjFcfWq8KGSIVoN',$,'EPset_Annotation',$,(#66));
#68=IFCTYPEPRODUCT('3IQrQOSFP0WfkuLk0ak7_0',$,'CONTROL-POINT',$,'IfcAnnotation/SYMBOL',(#67),$,$);
#69=IFCPROPERTYSINGLEVALUE('Symbol',$,IFCLABEL('traverse-point'),$);
#70=IFCPROPERTYSET('1j7aFM1Rb9BRuKgUEn1U10',$,'EPset_Annotation',$,(#69));
#71=IFCTYPEPRODUCT('3wvbaiaIz8agQgDRzt01vz',$,'TRAVERSE-POINT',$,'IfcAnnotation/SYMBOL',(#70),$,$);
#72=IFCPROPERTYSINGLEVALUE('Classes',$,IFCLABEL('dashed'),$);
#73=IFCPROPERTYSET('27smSHyiv39vhBRSwfDVCD',$,'EPset_Annotation',$,(#72));
#74=IFCTYPEPRODUCT('0p5ZTfTnX9ZOywroa7Ffql',$,'DASHED',$,'IfcAnnotation/LINEWORK',(#73),$,$);
#75=IFCPROPERTYSINGLEVALUE('Classes',$,IFCLABEL('fine'),$);
#76=IFCPROPERTYSET('0gVTuDcZ5ByRdR3sZnEZUR',$,'EPset_Annotation',$,(#75));
#77=IFCTYPEPRODUCT('2EvrG9Vuf6t9etgMeWFuJ2',$,'FINE',$,'IfcAnnotation/LINEWORK',(#76),$,$);
#78=IFCPROPERTYSINGLEVALUE('Classes',$,IFCLABEL('thin'),$);
#79=IFCPROPERTYSET('0t6c$uCeT9092GYkbm8hDS',$,'EPset_Annotation',$,(#78));
#80=IFCTYPEPRODUCT('0IeM1ywXn1qhR_6NhB6N4s',$,'THIN',$,'IfcAnnotation/LINEWORK',(#79),$,$);
#81=IFCPROPERTYSINGLEVALUE('Classes',$,IFCLABEL('medium'),$);
#82=IFCPROPERTYSET('2uTJ11lF98GeN8pPIf340N',$,'EPset_Annotation',$,(#81));
#83=IFCTYPEPRODUCT('1jZVbCwrTCGhZdKbH4uqTP',$,'MEDIUM',$,'IfcAnnotation/LINEWORK',(#82),$,$);
#84=IFCPROPERTYSINGLEVALUE('Classes',$,IFCLABEL('thick'),$);
#85=IFCPROPERTYSET('2XQxgO16v9vxjvuIJpaPpG',$,'EPset_Annotation',$,(#84));
#86=IFCTYPEPRODUCT('38zW9E1uH2ae$zat9KrieS',$,'THICK',$,'IfcAnnotation/LINEWORK',(#85),$,$);
#87=IFCPROPERTYSINGLEVALUE('Classes',$,IFCLABEL('strong'),$);
#88=IFCPROPERTYSET('0TcB8Gal96vebTrLWa5CEw',$,'EPset_Annotation',$,(#87));
#89=IFCTYPEPRODUCT('3G2s7ZLzfDJh5J$2iIzHw9',$,'STRONG',$,'IfcAnnotation/LINEWORK',(#88),$,$);
#90=IFCPROPERTYSINGLEVALUE('Symbol',$,IFCLABEL('setout-tag'),$);
#91=IFCPROPERTYSET('39$oNFI052cBhtpZCVVLfj',$,'EPset_Annotation',$,(#90));
#92=IFCCARTESIANPOINT((0.,0.,0.));
#93=IFCDIRECTION((0.,0.,1.));
#94=IFCDIRECTION((1.,0.,0.));
#95=IFCAXIS2PLACEMENT3D(#92,#93,#94);
#101=IFCCARTESIANPOINT((0.,0.,0.));
#102=IFCDIRECTION((0.,0.,1.));
#103=IFCDIRECTION((1.,0.,0.));
#104=IFCAXIS2PLACEMENT3D(#101,#102,#103);
#105=IFCPLANAREXTENT(1000.,1000.);
#106=IFCTEXTLITERALWITHEXTENT('E ``round({{easting}}, 0.001)``',#104,.RIGHT.,#105,'center');
#107=IFCCARTESIANPOINT((0.,0.,0.));
#108=IFCDIRECTION((0.,0.,1.));
#109=IFCDIRECTION((1.,0.,0.));
#110=IFCAXIS2PLACEMENT3D(#107,#108,#109);
#111=IFCPLANAREXTENT(1000.,1000.);
#112=IFCTEXTLITERALWITHEXTENT('N ``round({{northing}}, 0.001)``',#110,.RIGHT.,#111,'center');
#113=IFCSHAPEREPRESENTATION(#16,'Annotation','Annotation2D',(#106,#112));
#114=IFCREPRESENTATIONMAP(#95,#113);
#115=IFCTYPEPRODUCT('3pq2B$0k52ZOv2bFuRYkxO',$,'SETOUT-TAG',$,'IfcAnnotation/TEXT',(#91),(#114),$);
#116=IFCPROPERTYSINGLEVALUE('Symbol',$,IFCLABEL('door-tag'),$);
#117=IFCPROPERTYSET('3xUNoLKPT9kB4LMdoctm5k',$,'EPset_Annotation',$,(#116));
#118=IFCCARTESIANPOINT((0.,0.,0.));
#119=IFCDIRECTION((0.,0.,1.));
#120=IFCDIRECTION((1.,0.,0.));
#121=IFCAXIS2PLACEMENT3D(#118,#119,#120);
#127=IFCCARTESIANPOINT((0.,0.,0.));
#128=IFCDIRECTION((0.,0.,1.));
#129=IFCDIRECTION((1.,0.,0.));
#130=IFCAXIS2PLACEMENT3D(#127,#128,#129);
#131=IFCPLANAREXTENT(1000.,1000.);
#132=IFCTEXTLITERALWITHEXTENT('{{type.Name}}',#130,.RIGHT.,#131,'center');
#133=IFCCARTESIANPOINT((0.,0.,0.));
#134=IFCDIRECTION((0.,0.,1.));
#135=IFCDIRECTION((1.,0.,0.));
#136=IFCAXIS2PLACEMENT3D(#133,#134,#135);
#137=IFCPLANAREXTENT(1000.,1000.);
#138=IFCTEXTLITERALWITHEXTENT('{{Name}}',#136,.RIGHT.,#137,'center');
#139=IFCSHAPEREPRESENTATION(#16,'Annotation','Annotation2D',(#132,#138));
#140=IFCREPRESENTATIONMAP(#121,#139);
#141=IFCTYPEPRODUCT('11M3ahhrr9NBdB29YEazzw',$,'DOOR-TAG',$,'IfcAnnotation/TEXT',(#117),(#140),$);
#142=IFCPROPERTYSINGLEVALUE('Symbol',$,IFCLABEL('window-tag'),$);
#143=IFCPROPERTYSET('2MqzSGkXDBcPSolaAQvYO4',$,'EPset_Annotation',$,(#142));
#144=IFCCARTESIANPOINT((0.,0.,0.));
#145=IFCDIRECTION((0.,0.,1.));
#146=IFCDIRECTION((1.,0.,0.));
#147=IFCAXIS2PLACEMENT3D(#144,#145,#146);
#153=IFCCARTESIANPOINT((0.,0.,0.));
#154=IFCDIRECTION((0.,0.,1.));
#155=IFCDIRECTION((1.,0.,0.));
#156=IFCAXIS2PLACEMENT3D(#153,#154,#155);
#157=IFCPLANAREXTENT(1000.,1000.);
#158=IFCTEXTLITERALWITHEXTENT('{{Name}}',#156,.RIGHT.,#157,'center');
#159=IFCSHAPEREPRESENTATION(#16,'Annotation','Annotation2D',(#158));
#160=IFCREPRESENTATIONMAP(#147,#159);
#161=IFCTYPEPRODUCT('1eE8Y$BVDFDgG8Fj6d9wiV',$,'WINDOW-TAG',$,'IfcAnnotation/TEXT',(#143),(#160),$);
#162=IFCPROPERTYSINGLEVALUE('Symbol',$,IFCLABEL('space-tag'),$);
#163=IFCPROPERTYSET('2zKuFdTPj3DhNdQ0U2kd5u',$,'EPset_Annotation',$,(#162));
#164=IFCCARTESIANPOINT((0.,0.,0.));
#165=IFCDIRECTION((0.,0.,1.));
#166=IFCDIRECTION((1.,0.,0.));
#167=IFCAXIS2PLACEMENT3D(#164,#165,#166);
#173=IFCCARTESIANPOINT((0.,0.,0.));
#174=IFCDIRECTION((0.,0.,1.));
#175=IFCDIRECTION((1.,0.,0.));
#176=IFCAXIS2PLACEMENT3D(#173,#174,#175);
#177=IFCPLANAREXTENT(1000.,1000.);
#178=IFCTEXTLITERALWITHEXTENT('{{Name}}',#176,.RIGHT.,#177,'center');
#179=IFCCARTESIANPOINT((0.,0.,0.));
#180=IFCDIRECTION((0.,0.,1.));
#181=IFCDIRECTION((1.,0.,0.));
#182=IFCAXIS2PLACEMENT3D(#179,#180,#181);
#183=IFCPLANAREXTENT(1000.,1000.);
#184=IFCTEXTLITERALWITHEXTENT('{{Description}}',#182,.RIGHT.,#183,'center');
#185=IFCCARTESIANPOINT((0.,0.,0.));
#186=IFCDIRECTION((0.,0.,1.));
#187=IFCDIRECTION((1.,0.,0.));
#188=IFCAXIS2PLACEMENT3D(#185,#186,#187);
#189=IFCPLANAREXTENT(1000.,1000.);
#190=IFCTEXTLITERALWITHEXTENT('``round({{Qto_SpaceBaseQuantities.NetFloorArea}}, 0.01)``',#188,.RIGHT.,#189,'center');
#191=IFCSHAPEREPRESENTATION(#16,'Annotation','Annotation2D',(#178,#184,#190));
#192=IFCREPRESENTATIONMAP(#167,#191);
#193=IFCTYPEPRODUCT('0vvfHSiaPBxewA$32C4LdW',$,'SPACE-TAG',$,'IfcAnnotation/TEXT',(#163),(#192),$);
#194=IFCPROPERTYSINGLEVALUE('Symbol',$,IFCLABEL('rectangle-tag'),$);
#195=IFCPROPERTYSET('1x86VNVk1Drwe5XOj$GZX3',$,'EPset_Annotation',$,(#194));
#196=IFCCARTESIANPOINT((0.,0.,0.));
#197=IFCDIRECTION((0.,0.,1.));
#198=IFCDIRECTION((1.,0.,0.));
#199=IFCAXIS2PLACEMENT3D(#196,#197,#198);
#205=IFCCARTESIANPOINT((0.,0.,0.));
#206=IFCDIRECTION((0.,0.,1.));
#207=IFCDIRECTION((1.,0.,0.));
#208=IFCAXIS2PLACEMENT3D(#205,#206,#207);
#209=IFCPLANAREXTENT(1000.,1000.);
#210=IFCTEXTLITERALWITHEXTENT('{{material.Name}}',#208,.RIGHT.,#209,'center');
#211=IFCSHAPEREPRESENTATION(#16,'Annotation','Annotation2D',(#210));
#212=IFCREPRESENTATIONMAP(#199,#211);
#213=IFCTYPEPRODUCT('36lTcd9yT8UBNDejQUNWrq',$,'MATERIAL-TAG',$,'IfcAnnotation/TEXT',(#195),(#212),$);
#214=IFCPROPERTYSINGLEVALUE('Symbol',$,IFCLABEL('capsule-tag'),$);
#215=IFCPROPERTYSET('3BeqEbDzX0xORamqqSx_kZ',$,'EPset_Annotation',$,(#214));
#216=IFCCARTESIANPOINT((0.,0.,0.));
#217=IFCDIRECTION((0.,0.,1.));
#218=IFCDIRECTION((1.,0.,0.));
#219=IFCAXIS2PLACEMENT3D(#216,#217,#218);
#225=IFCCARTESIANPOINT((0.,0.,0.));
#226=IFCDIRECTION((0.,0.,1.));
#227=IFCDIRECTION((1.,0.,0.));
#228=IFCAXIS2PLACEMENT3D(#225,#226,#227);
#229=IFCPLANAREXTENT(1000.,1000.);
#230=IFCTEXTLITERALWITHEXTENT('{{type.Name}}',#228,.RIGHT.,#229,'center');
#231=IFCSHAPEREPRESENTATION(#16,'Annotation','Annotation2D',(#230));
#232=IFCREPRESENTATIONMAP(#219,#231);
#233=IFCTYPEPRODUCT('1rxhEX6I16oPqglXaGZ7Sw',$,'TYPE-TAG',$,'IfcAnnotation/TEXT',(#215),(#232),$);
#234=IFCPROPERTYSINGLEVALUE('Symbol',$,IFCLABEL('capsule-tag'),$);
#235=IFCPROPERTYSET('11L$PtdnX8LfYigzRZ$g0a',$,'EPset_Annotation',$,(#234));
#236=IFCCARTESIANPOINT((0.,0.,0.));
#237=IFCDIRECTION((0.,0.,1.));
#238=IFCDIRECTION((1.,0.,0.));
#239=IFCAXIS2PLACEMENT3D(#236,#237,#238);
#245=IFCCARTESIANPOINT((0.,0.,0.));
#246=IFCDIRECTION((0.,0.,1.));
#247=IFCDIRECTION((1.,0.,0.));
#248=IFCAXIS2PLACEMENT3D(#245,#246,#247);
#249=IFCPLANAREXTENT(1000.,1000.);
#250=IFCTEXTLITERALWITHEXTENT('{{Name}}',#248,.RIGHT.,#249,'center');
#251=IFCSHAPEREPRESENTATION(#16,'Annotation','Annotation2D',(#250));
#252=IFCREPRESENTATIONMAP(#239,#251);
#253=IFCTYPEPRODUCT('0sws1hxNb2Og1etXqyoEh1',$,'NAME-TAG',$,'IfcAnnotation/TEXT',(#235),(#252),$);
#254=IFCBEAMTYPE('2E$V5l4b54dxuToJ1A6IHp',$,'B1',$,$,$,$,$,$,.NOTDEFINED.);
#255=IFCRELASSOCIATESMATERIAL('3PUNnY7cj8LhyXbHKVqZnf',$,$,$,(#254),#259);
#256=IFCMATERIAL('Unknown',$,$);
#257=IFCISHAPEPROFILEDEF(.AREA.,'DEMO-I',$,0.10000000000000001,0.20000000000000001,0.0050000000000000001,0.01,0.0050000000000000001,$,$);
#258=IFCMATERIALPROFILE($,$,#256,#257,$,$);
#259=IFCMATERIALPROFILESET($,$,(#258),$);
#260=IFCBEAMTYPE('3qutoZTvP0lvLWNXyjPhPm',$,'B2',$,$,$,$,$,$,.NOTDEFINED.);
#261=IFCRELASSOCIATESMATERIAL('3dGyQf42H2ahch2bSYPPHP',$,$,$,(#260),#264);
#262=IFCCSHAPEPROFILEDEF(.AREA.,'DEMO-C',$,0.20000000000000001,0.10000000000000001,0.0015,0.029999999999999999,0.0050000000000000001);
#263=IFCMATERIALPROFILE($,$,#256,#262,$,$);
#264=IFCMATERIALPROFILESET($,$,(#263),$);
#265=IFCCOLUMNTYPE('278sjptdDDzgOZseERj390',$,'C1',$,$,$,$,$,$,.NOTDEFINED.);
#266=IFCRELASSOCIATESMATERIAL('1ppYXw39v6kBwi3rrIm4ZE',$,$,$,(#265),#269);
#267=IFCRECTANGLEPROFILEDEF(.AREA.,'500x600',$,0.5,0.59999999999999998);
#268=IFCMATERIALPROFILE($,$,#256,#267,$,$);
#269=IFCMATERIALPROFILESET($,$,(#268),$);
#270=IFCCOLUMNTYPE('3aSZOvGmr7jggSNwsq5PJE',$,'C2',$,$,$,$,$,$,.NOTDEFINED.);
#271=IFCRELASSOCIATESMATERIAL('1AtNJPaD14DgINbAjXvbU4',$,$,$,(#270),#274);
#272=IFCCIRCLEHOLLOWPROFILEDEF(.AREA.,'500.0x5.0 CHS',$,0.25,0.0050000000000000001);
#273=IFCMATERIALPROFILE($,$,#256,#272,$,$);
#274=IFCMATERIALPROFILESET($,$,(#273),$);
#275=IFCCOLUMNTYPE('28iv3Kru12yQ7R7RRwNjvD',$,'C3',$,$,$,$,$,$,.NOTDEFINED.);
#276=IFCRELASSOCIATESMATERIAL('2M_oL$n3j6rBRnOW5RSk87',$,$,$,(#275),#279);
#277=IFCRECTANGLEHOLLOWPROFILEDEF(.AREA.,'150x75x2.0 RHS',$,0.074999999999999997,0.14999999999999999,0.002,0.0050000000000000001,0.0050000000000000001);
#278=IFCMATERIALPROFILE($,$,#256,#277,$,$);
#279=IFCMATERIALPROFILESET($,$,(#278),$);
#280=IFCCOVERINGTYPE('0iLxgfHB9F2hRH2vMcw7Yv',$,'COV10',$,$,$,$,$,$,.NOTDEFINED.);
#281=IFCRELASSOCIATESMATERIAL('0yvFX0zgb9uvJ3ARnf4mfe',$,$,$,(#280),#283);
#282=IFCMATERIALLAYER(#256,0.01,$,$,$,$,$);
#283=IFCMATERIALLAYERSET((#282),$,$);
#284=IFCPROPERTYSINGLEVALUE('LayerSetDirection',$,IFCLABEL('AXIS2'),$);
#285=IFCPROPERTYSET('18ICCZ0fjDG9UXMyzrsFBA',$,'EPset_Parametric',$,(#284));
#286=IFCCOVERINGTYPE('15Riw2WTrAUPwvfLyKXJ2g',$,'COV20',$,$,(#285),$,$,$,.NOTDEFINED.);
#287=IFCRELASSOCIATESMATERIAL('1iAOG6NK9FBxitFtzN9qP5',$,$,$,(#286),#289);
#288=IFCMATERIALLAYER(#256,0.02,$,$,$,$,$);
#289=IFCMATERIALLAYERSET((#288),$,$);
#290=IFCPROPERTYSINGLEVALUE('LayerSetDirection',$,IFCLABEL('AXIS3'),$);
#291=IFCPROPERTYSET('3qCbs1tuDCvuOXam5RrA$a',$,'EPset_Parametric',$,(#290));
#292=IFCCOVERINGTYPE('0gEOtYULD0F9KD9zPoA6cJ',$,'COV30',$,$,(#291),$,$,$,.NOTDEFINED.);
#293=IFCRELASSOCIATESMATERIAL('0xd6dsjf13JA98q9fnAMpQ',$,$,$,(#292),#295);
#294=IFCMATERIALLAYER(#256,0.029999999999999999,$,$,$,$,$);
#295=IFCMATERIALLAYERSET((#294),$,$);
#296=IFCPILETYPE('25MTkMtaH5QeCf$gFbvSSw',$,'P1',$,$,$,$,$,$,.NOTDEFINED.);
#297=IFCRELASSOCIATESMATERIAL('09FXUZCnrFEffxBrtg16gx',$,$,$,(#296),#300);
#298=IFCCIRCLEPROFILEDEF(.AREA.,$,$,0.29999999999999999);
#299=IFCMATERIALPROFILE($,$,#256,#298,$,$);
#300=IFCMATERIALPROFILESET($,$,(#299),$);
#301=IFCCARTESIANPOINT((0.,0.,0.));
#302=IFCDIRECTION((0.,0.,1.));
#303=IFCDIRECTION((1.,0.,0.));
#304=IFCAXIS2PLACEMENT3D(#301,#302,#303);
#311=IFCCARTESIANPOINTLIST3D(((0.95500016212463401,0.,2.0900001525878902),(0.95500016212463401,0.054999988526105902,2.0900001525878902),(0.97000002861022905,0.0549999922513962,2.1050000190734899),(0.,0.099999994039535495,0.),(0.97000002861022905,0.099999994039535495,2.1050000190734899),(0.039999991655349697,0.099999994039535495,2.1050000190734899),(0.039999991655349697,0.0549999922513962,2.1050000190734899),(0.055000007152557401,0.054999988526105902,2.0900001525878902),(0.055000007152557401,0.,2.0900001525878902),(0.,0.,2.1450002193450901),(0.,0.10000000149011599,2.1450002193450901),(0.044999986886978101,0.099999994039535495,2.0999999046325701),(0.044999986886978101,0.059999994933605201,2.0999999046325701),(0.96500003337860096,0.059999994933605201,2.0999999046325701),(0.96500003337860096,0.099999994039535495,2.0999999046325701),(0.96500003337860096,0.099999994039535495,0.),(0.96500003337860096,0.059999994933605201,0.),(0.044999986886978101,0.059999994933605201,0.),(0.044999986886978101,0.099999994039535495,0.),(0.,0.,0.),(0.055000007152557401,0.,0.),(0.055000007152557401,0.0549999922513962,0.),(0.039999991655349697,0.0549999922513962,0.),(0.039999991655349697,0.099999994039535495,0.),(1.0100003480911299,0.,2.1450002193450901),(1.0100003480911299,0.10000000149011599,2.1450002193450901),(0.95500016212463401,0.,0.),(0.95500016212463401,0.054999988526105902,0.),(0.97000002861022905,0.0549999922513962,0.),(0.97000002861022905,0.099999994039535495,0.),(1.0100003480911299,0.,0.),(1.0100003480911299,0.10000000149011599,0.)),$);
#312=IFCINDEXEDPOLYGONALFACE((2,3,29,28));
#313=IFCINDEXEDPOLYGONALFACE((27,28,29,30,32,31));
#314=IFCINDEXEDPOLYGONALFACE((7,6,5,3));
#315=IFCINDEXEDPOLYGONALFACE((8,7,3,2));
#316=IFCINDEXEDPOLYGONALFACE((23,24,6,7));
#317=IFCINDEXEDPOLYGONALFACE((21,20,4,24,23,22));
#318=IFCINDEXEDPOLYGONALFACE((11,10,25,26));
#319=IFCINDEXEDPOLYGONALFACE((25,1,27,31));
#320=IFCINDEXEDPOLYGONALFACE((24,4,11,6));
#321=IFCINDEXEDPOLYGONALFACE((20,21,9,10));
#322=IFCINDEXEDPOLYGONALFACE((9,8,2,1));
#323=IFCINDEXEDPOLYGONALFACE((10,9,1,25));
#324=IFCINDEXEDPOLYGONALFACE((22,23,7,8));
#325=IFCINDEXEDPOLYGONALFACE((4,20,10,11));
#326=IFCINDEXEDPOLYGONALFACE((21,22,8,9));
#327=IFCINDEXEDPOLYGONALFACE((6,11,26,5));
#328=IFCINDEXEDPOLYGONALFACE((5,26,32,30));
#329=IFCINDEXEDPOLYGONALFACE((1,2,28,27));
#330=IFCINDEXEDPOLYGONALFACE((26,25,31,32));
#331=IFCINDEXEDPOLYGONALFACE((3,5,30,29));
#332=IFCPOLYGONALFACESET(#311,.T.,(#312,#313,#314,#315,#316,#317,#318,#319,#320,#321,#322,#323,#324,#325,#326,#327,#328,#329,#330,#331),$);
#333=IFCINDEXEDPOLYGONALFACE((17,16,15,14));
#334=IFCINDEXEDPOLYGONALFACE((12,13,14,15));
#335=IFCINDEXEDPOLYGONALFACE((16,19,12,15));
#336=IFCINDEXEDPOLYGONALFACE((19,16,17,18));
#337=IFCINDEXEDPOLYGONALFACE((19,18,13,12));
#338=IFCINDEXEDPOLYGONALFACE((18,17,14,13));
#339=IFCPOLYGONALFACESET(#311,.T.,(#333,#334,#335,#336,#337,#338),$);
#340=IFCSHAPEREPRESENTATION(#11,'Body','Tessellation',(#332,#339));
#341=IFCREPRESENTATIONMAP(#304,#340);
#342=IFCCARTESIANPOINT((0.,0.,0.));
#343=IFCDIRECTION((0.,0.,1.));
#344=IFCDIRECTION((1.,0.,0.));
#345=IFCAXIS2PLACEMENT3D(#342,#343,#344);
#351=IFCCARTESIANPOINTLIST2D(((0.96499991416931197,1.0200001001357999),(0.96500003337860096,0.099999994039535495),(0.92500001192092896,0.099999994039535495),(0.92499995231628396,1.0200001001357999),(0.96499991416931197,1.0200001001357999),(0.84491580724716198,1.01212930679321),(0.72688633203506503,0.98865175247192405),(0.61293107271194502,0.94996917247772195),(0.50499975681304898,0.89674329757690396),(0.404939234256744,0.82988500595092796),(0.314461469650269,0.750538170337677),(0.23511460423469499,0.66006040573120095),(0.16825628280639601,0.55999982357025102),(0.115030474960804,0.45206856727600098),(0.076347872614860507,0.33811330795288103),(0.0528703518211842,0.220083817839622),(0.044999618083238602,0.099999688565730993)),$);
#352=IFCINDEXEDPOLYCURVE(#351,$,$);
#353=IFCCARTESIANPOINTLIST2D(((0.97000002861022905,0.0549999922513962),(0.95500016212463401,0.0549999922513962),(0.95500016212463401,0.),(1.0100003480911299,0.),(1.0100003480911299,0.099999994039535495),(0.97000002861022905,0.099999994039535495)),$);
#354=IFCINDEXEDPOLYCURVE(#353,(IFCLINEINDEX((1,2,3,4,5,6,1))),$);
#355=IFCCARTESIANPOINTLIST2D(((0.,0.),(0.,0.099999994039535495),(0.039999991655349697,0.099999994039535495),(0.039999991655349697,0.0549999922513962),(0.055000007152557401,0.0549999922513962),(0.055000007152557401,0.)),$);
#356=IFCINDEXEDPOLYCURVE(#355,(IFCLINEINDEX((1,2,3,4,5,6,1))),$);
#357=IFCGEOMETRICCURVESET((#352,#354,#356));
#358=IFCSHAPEREPRESENTATION(#24,'Body','Annotation2D',(#357));
#359=IFCREPRESENTATIONMAP(#345,#358);
#360=IFCDOORTYPE('2j0vIBgkH0ERnBCP0cpcCz',$,'DT01',$,$,$,(#341,#359),$,$,.NOTDEFINED.,.NOTDEFINED.,$,$);
#361=IFCSTYLEDITEM(#332,(#364),'Frame');
#362=IFCCOLOURRGB($,0.042976561933755902,0.042976561933755902,0.042976561933755902);
#363=IFCSURFACESTYLESHADING(#362,0.);
#364=IFCSURFACESTYLE('Frame',.BOTH.,(#363));
#365=IFCSTYLEDITEM(#339,(#368),'Panel');
#366=IFCCOLOURRGB($,0.18447506427764901,0.18447501957416501,0.18447501957416501);
#367=IFCSURFACESTYLESHADING(#366,0.);
#368=IFCSURFACESTYLE('Panel',.BOTH.,(#367));
#369=IFCRAMPTYPE('2yW1ePlyb8cOR6HdEntpRh',$,'RAM200',$,$,$,$,$,$,.NOTDEFINED.);
#370=IFCRELASSOCIATESMATERIAL('1x9ZyVim19AQtJhfEE06XR',$,$,$,(#369),#372);
#371=IFCMATERIALLAYER(#256,0.20000000000000001,$,$,$,$,$);
#372=IFCMATERIALLAYERSET((#371),$,$);
#373=IFCSLABTYPE('1Akbal7tP5DAPW0ti$Qp30',$,'FLR200',$,$,$,$,$,$,.NOTDEFINED.);
#374=IFCRELASSOCIATESMATERIAL('0jzkXlkBL4HhmQ_FTWW6Cj',$,$,$,(#373),#376);
#375=IFCMATERIALLAYER(#256,0.20000000000000001,$,$,$,$,$);
#376=IFCMATERIALLAYERSET((#375),$,$);
#377=IFCSLABTYPE('0$gpYNi3T08BrxaR67CxgI',$,'FLR300',$,$,$,$,$,$,.NOTDEFINED.);
#378=IFCRELASSOCIATESMATERIAL('3a6kjEM29DleYTlSkA8_DK',$,$,$,(#377),#380);
#379=IFCMATERIALLAYER(#256,0.29999999999999999,$,$,$,$,$);
#380=IFCMATERIALLAYERSET((#379),$,$);
#381=IFCWALLTYPE('2F1k78lI53fwS0rg3rqrRb',$,'WAL50',$,$,$,$,$,$,.NOTDEFINED.);
#382=IFCRELASSOCIATESMATERIAL('0khP_Smdj12f2JrOTRbRKj',$,$,$,(#381),#384);
#383=IFCMATERIALLAYER(#256,0.050000000000000003,$,$,$,$,$);
#384=IFCMATERIALLAYERSET((#383),$,$);
#385=IFCWALLTYPE('3R5onkTtX1IxdCMPoThRaw',$,'WAL100',$,$,$,$,$,$,.NOTDEFINED.);
#386=IFCRELASSOCIATESMATERIAL('0$mXRPCT16nP6Q70XFNvZv',$,$,$,(#385),#388);
#387=IFCMATERIALLAYER(#256,0.10000000000000001,$,$,$,$,$);
#388=IFCMATERIALLAYERSET((#387),$,$);
#389=IFCWALLTYPE('1juanculbDJPqvqT2FCm8m',$,'WAL250',$,$,$,$,$,$,.NOTDEFINED.);
#390=IFCRELASSOCIATESMATERIAL('0FsB2A$frFn9AZW2IG38ny',$,$,$,(#389),#392);
#391=IFCMATERIALLAYER(#256,0.25,$,$,$,$,$);
#392=IFCMATERIALLAYERSET((#391),$,$);
#393=IFCWALLTYPE('05UYduR9r1vRxZZgP64Rdw',$,'WAL300',$,$,$,$,$,$,.NOTDEFINED.);
#394=IFCRELASSOCIATESMATERIAL('2FYhYrvmv4SBoZHVWDTTte',$,$,$,(#393),#396);
#395=IFCMATERIALLAYER(#256,0.29999999999999999,$,$,$,$,$);
#396=IFCMATERIALLAYERSET((#395),$,$);
#397=IFCCARTESIANPOINT((0.,0.,0.));
#398=IFCDIRECTION((0.,0.,1.));
#399=IFCDIRECTION((1.,0.,0.));
#400=IFCAXIS2PLACEMENT3D(#397,#398,#399);
#407=IFCCARTESIANPOINTLIST3D(((0.89999997615814198,0.,1.20000004768372),(0.89999997615814198,0.,0.),(0.,0.,1.20000004768372),(0.,0.,0.),(0.099999994039535495,0.,0.099999994039535495),(0.099999994039535495,0.,1.1000000238418599),(0.80000001192092896,0.,1.1000000238418599),(0.80000001192092896,0.,0.099999994039535495),(0.099999994039535495,0.019999999552965199,0.099999994039535495),(0.099999994039535495,0.019999999552965199,1.1000000238418599),(0.80000001192092896,0.019999999552965199,1.1000000238418599),(0.80000001192092896,0.019999999552965199,0.099999994039535495),(0.099999994039535495,0.050000000745058101,0.099999994039535495),(0.099999994039535495,0.050000000745058101,1.1000000238418599),(0.80000001192092896,0.050000000745058101,1.1000000238418599),(0.80000001192092896,0.050000000745058101,0.099999994039535495),(0.,0.050000000745058101,0.),(0.,0.050000000745058101,1.20000004768372),(0.89999997615814198,0.050000000745058101,1.20000004768372),(0.89999997615814198,0.050000000745058101,0.),(0.099999994039535495,0.029999999329447701,0.099999994039535495),(0.099999994039535495,0.029999999329447701,1.1000000238418599),(0.80000001192092896,0.029999999329447701,1.1000000238418599),(0.80000001192092896,0.029999999329447701,0.099999994039535495)),$);
#408=IFCINDEXEDPOLYGONALFACE((13,17,18,14));
#409=IFCINDEXEDPOLYGONALFACE((5,6,3,4));
#410=IFCINDEXEDPOLYGONALFACE((7,8,2,1));
#411=IFCINDEXEDPOLYGONALFACE((6,7,1,3));
#412=IFCINDEXEDPOLYGONALFACE((8,5,4,2));
#413=IFCINDEXEDPOLYGONALFACE((15,19,20,16));
#414=IFCINDEXEDPOLYGONALFACE((14,18,19,15));
#415=IFCINDEXEDPOLYGONALFACE((16,20,17,13));
#416=IFCINDEXEDPOLYGONALFACE((4,17,20,2));
#417=IFCINDEXEDPOLYGONALFACE((2,20,19,1));
#418=IFCINDEXEDPOLYGONALFACE((8,16,13,5));
#419=IFCINDEXEDPOLYGONALFACE((7,15,16,8));
#420=IFCINDEXEDPOLYGONALFACE((1,19,18,3));
#421=IFCINDEXEDPOLYGONALFACE((3,18,17,4));
#422=IFCINDEXEDPOLYGONALFACE((6,14,15,7));
#423=IFCINDEXEDPOLYGONALFACE((5,13,14,6));
#424=IFCPOLYGONALFACESET(#407,.T.,(#408,#409,#410,#411,#412,#413,#414,#415,#416,#417,#418,#419,#420,#421,#422,#423),$);
#425=IFCINDEXEDPOLYGONALFACE((12,11,10,9));
#426=IFCINDEXEDPOLYGONALFACE((24,21,22,23));
#427=IFCINDEXEDPOLYGONALFACE((11,23,22,10));
#428=IFCINDEXEDPOLYGONALFACE((10,22,21,9));
#429=IFCINDEXEDPOLYGONALFACE((9,21,24,12));
#430=IFCINDEXEDPOLYGONALFACE((12,24,23,11));
#431=IFCPOLYGONALFACESET(#407,.T.,(#425,#426,#427,#428,#429,#430),$);
#432=IFCSHAPEREPRESENTATION(#11,'Body','Tessellation',(#424,#431));
#433=IFCREPRESENTATIONMAP(#400,#432);
#434=IFCCARTESIANPOINT((0.,0.,0.));
#435=IFCDIRECTION((0.,0.,1.));
#436=IFCDIRECTION((1.,0.,0.));
#437=IFCAXIS2PLACEMENT3D(#434,#435,#436);
#443=IFCCARTESIANPOINTLIST2D(((0.10000002384185799,0.020000003278255501),(0.80000001192092896,0.020000003278255501),(0.80000001192092896,0.030000001192092899),(0.10000002384185799,0.030000001192092899)),$);
#444=IFCINDEXEDPOLYCURVE(#443,(IFCLINEINDEX((1,2,3,4,1))),$);
#445=IFCCARTESIANPOINTLIST2D(((0.89999997615814198,0.050000000745058101),(0.80000001192092896,0.050000000745058101),(0.80000001192092896,0.),(0.89999997615814198,0.)),$);
#446=IFCINDEXEDPOLYCURVE(#445,(IFCLINEINDEX((1,2,3,4,1))),$);
#447=IFCCARTESIANPOINTLIST2D(((0.,0.),(0.10000002384185799,0.),(0.10000002384185799,0.050000000745058101),(0.,0.050000000745058101)),$);
#448=IFCINDEXEDPOLYCURVE(#447,(IFCLINEINDEX((1,2,3,4,1))),$);
#449=IFCCARTESIANPOINTLIST2D(((0.10000002384185799,0.050000000745058101),(0.80000001192092896,0.050000000745058101)),$);
#450=IFCINDEXEDPOLYCURVE(#449,$,$);
#451=IFCCARTESIANPOINTLIST2D(((0.10000002384185799,0.),(0.80000001192092896,0.)),$);
#452=IFCINDEXEDPOLYCURVE(#451,$,$);
#453=IFCGEOMETRICCURVESET((#444,#446,#448,#450,#452));
#454=IFCSHAPEREPRESENTATION(#24,'Body','Annotation2D',(#453));
#455=IFCREPRESENTATIONMAP(#437,#454);
#456=IFCWINDOWTYPE('0bK3c4PWL3eOMNwkPN$rlg',$,'WT01',$,$,$,(#433,#455),$,$,.NOTDEFINED.,.NOTDEFINED.,$,$);
#457=IFCSTYLEDITEM(#424,(#364),'Frame');
#458=IFCSTYLEDITEM(#431,(#461),'Glass');
#459=IFCCOLOURRGB($,0.80000001192092896,1.,1.);
#460=IFCSURFACESTYLESHADING(#459,0.79999999701976798);
#461=IFCSURFACESTYLE('Glass',.BOTH.,(#460));
#462=IFCCARTESIANPOINT((0.,0.,0.));
#463=IFCDIRECTION((0.,0.,1.));
#464=IFCDIRECTION((1.,0.,0.));
#465=IFCAXIS2PLACEMENT3D(#462,#463,#464);
#472=IFCCARTESIANPOINTLIST3D(((-0.075764268636703505,-0.0121694896370173,0.220662087202072),(-0.105255022644997,-0.014106946997344501,0.23090654611587499),(-0.16403847932815599,-0.096257179975509602,0.26320105791091902),(-0.014968311414122601,-0.043448235839605297,0.22866454720497101),(-0.042669322341680499,-0.0120228659361601,0.222334340214729),(0.0788992568850517,-0.076734945178031894,0.17371402680873901),(0.095371536910533905,-0.0409212671220303,0.16986283659935),(-0.071977235376834897,-0.094960831105709104,0.171763256192207),(0.073553569614887196,-0.046211145818233497,0.19932860136032099),(-0.16024585068225899,0.039746616035699803,0.29853358864784202),(0.106730677187443,-0.012497538700699799,0.13867686688899999),(0.013965139165520699,-0.042304534465074498,0.22946122288703899),(0.096723563969135298,-0.0144418459385633,0.16811130940914201),(-0.219927728176117,-0.041420534253120402,0.23905359208583801),(-0.19818499684333801,-0.074213609099388095,0.172668352723122),(-0.16216719150543199,-0.0434498824179173,0.289568781852722),(-0.18980929255485501,-0.071694776415824904,0.28171378374099698),(0.0152298724278808,-0.0849794447422028,0.20526841282844499),(-0.123513199388981,-0.045296106487512602,0.26471677422523499),(-0.188629180192947,-0.119135543704033,0.233101561665535),(-0.0130218090489507,-0.065114542841911302,0.22295473515987399),(-0.19687685370445299,0.011978214606642701,0.138698890805244),(0.043160196393728298,-0.0451620146632195,0.22145189344883001),(-0.216075524687767,-0.016599427908658999,0.20496815443038899),(-0.058282177895307499,0.022416032850742298,0.33180037140846302),(-0.190823614597321,-0.10244523733854299,0.26016488671302801),(-0.0431380830705166,-0.099196448922157301,0.17697578668594399),(-0.052268609404563897,0.049436695873737301,0.35123297572135898),(-0.089593872427940396,0.032213013619184501,0.318689584732056),(0.013082567602395999,-0.066855534911155701,0.223062723875046),(-0.106145963072777,-0.0415130592882633,0.22882467508316001),(0.044865764677524601,-0.077678047120571095,0.20366719365119901),(-0.10371295362711,-0.0036674954462796402,0.31438538432121299),(-0.21360756456852001,-0.0169711355119944,0.23358120024204301),(-0.13898938894271901,-0.074930317699909196,0.26505002379417397),(0.105769321322441,-0.041565887629985802,0.13869789242744399),(0.099207282066345201,-0.067760713398456601,0.13867975771427199),(-0.13568064570426899,-0.040240947157144498,0.28789660334587103),(-0.17496183514595001,-0.042518109083175701,0.074328109622001606),(-0.161954745650291,-0.0129314502701163,0.28954055905342102),(-0.208628505468369,-0.103418782353401,0.201527774333954),(0.064003132283687605,-0.0677034556865692,0.197900995612144),(0.100172616541386,0.0126537960022688,0.138708665966988),(-0.168615952134132,0.048218555748462698,0.30722576379776001),(-0.014069119468331301,-0.084714606404304504,0.205532997846603),(0.070249207317829104,-0.10204678773879999,0.138582319021225),(-0.18121381103992501,0.099205672740936293,0.32806563377380399),(-0.0152021609246731,-0.112156376242638,0.018388565629720698),(0.016212407499551801,-0.111216500401497,0.021827794611454),(-0.13374704122543299,-0.015991134569048899,0.29062491655349698),(-0.21656194329261799,-0.070933029055595398,0.20272865891456601),(-0.042724214494228398,-0.0426300838589668,0.22201718389987901),(-0.159124106168747,-0.0738818794488907,0.28384724259376498),(-0.10395654290914499,0.0154779236763716,0.32018128037452698),(-0.13698209822177901,-0.102321907877922,0.019443547353148499),(-0.18368490040302299,0.039627186954021502,0.29515922069549599),(-0.107928916811943,-0.010153891518712,0.29113548994064298),(-0.103886745870113,-0.10183699429035201,0.018010446801781699),(-0.046116136014461503,-0.119219377636909,0.138967230916023),(-0.046134073287248598,-0.061420276761055,0.21500451862812001),(-0.21132971346378299,-0.016973271965980499,0.13869249820709201),(-0.16582587361335799,0.017003398388624202,0.29436516761779802),(-0.16292682290077201,0.016753595322370501,0.25908666849136402),(0.044605728238821002,-0.098553180694580106,0.171382486820221),(-0.083408229053020505,0.0033546374179422899,0.31555348634719799),(-0.15971240401268,0.024722501635551501,0.197611734271049),(-0.16489240527153001,0.105032727122307,0.32282084226608299),(-0.215148985385895,-0.046240467578172698,0.26626971364021301),(0.074162483215332003,0.0414574705064297,0.138786911964417),(0.0142031144350767,-0.105447888374329,0.170478105545044),(0.0141690038144588,-0.013189514167606799,0.229208543896675),(0.043320551514625501,-0.101634204387665,0.017849922180175799),(-0.19483163952827501,0.0085588712245225906,0.19867131114006001),(-0.19007124006748199,0.0083788605406880396,0.26385936141014099),(0.0146396514028311,0.050356257706880597,0.17133095860481301),(-0.046632800251245499,-0.078941740095615401,0.203323245048523),(-0.014226747676730199,-0.015765171498060199,0.22864143550395999),(-0.214272990822792,-0.070050008594989804,0.25854414701461798),(-0.018737744539976099,0.0234869290143251,0.211539566516876),(-0.16909052431583399,0.13041937351226801,0.34345537424087502),(-0.073084034025669098,-0.058521389961242697,0.21125213801860801),(-0.211533859372139,-0.042905610054731397,0.13871577382087699),(-0.073917791247367901,0.015437621623277701,0.21000826358795199),(-0.073777899146080003,-0.073588274419307695,0.20062753558158899),(-0.18626792728900901,-0.121167339384556,0.205986142158508),(0.089287072420120198,0.016337241977453201,0.167569145560265),(-0.16379629075527199,0.0387952998280525,0.13864108920097401),(-0.19759425520896901,-0.074696421623229994,0.13866886496543901),(-0.15758010745048501,0.132616892457008,0.32851296663284302),(-0.073507770895957905,0.039300441741943401,0.32634150981903098),(-0.133432641625404,-0.080039069056510898,0.24014727771282199),(-0.16164277493953699,-0.10751291364431401,0.23531784117221799),(-0.10318702459335299,0.015148911625146901,0.293316811323166),(-0.13125789165496801,-0.096252456307411194,0.088308036327362102),(-0.097748041152954102,0.054015122354030602,0.138882651925087),(-0.015323237515986,-0.12871652841567999,0.13833434879779799),(0.10282081365585299,-0.072086296975612599,0.078216835856437697),(0.069174230098724407,0.0096155274659395201,0.196848139166832),(-0.078486494719982106,-0.104707300662994,0.024442100897431401),(-0.12938742339611101,-0.083772629499435397,0.20171126723289501),(0.10028512775898001,0.0147631969302893,0.106750056147575),(0.072527423501014696,-0.073350325226783794,0.016290467232465699),(0.090794503688812297,-0.063199639320373494,0.16682054102420801),(-0.068585038185119601,0.068806946277618394,0.13825522363185899),(-0.0430277064442635,-0.107757613062859,0.022122398018836999),(0.102449595928192,-0.065074339509010301,0.027808781713247299),(-0.0123228346928954,-0.12891632318496701,0.0516869872808456),(0.0133168455213308,-0.126367673277855,0.049701329320669202),(-0.21143673360347701,-0.042577810585498803,0.171008050441742),(-0.135128378868103,-0.073744051158428206,0.028781833127140999),(-0.0713493376970291,-0.097492806613445296,0.048680767416953999),(-0.014454536139965101,-0.10740352421999,0.169533520936966),(-0.052020065486431101,-0.10645835101604501,0.046862602233886698),(-0.038342230021953597,-0.12189947068691299,0.053789824247360202),(-0.13530349731445299,0.0047236056998372104,0.26940667629241899),(-0.22201277315616599,-0.043585158884525299,0.20195105671882599),(-0.150152832269669,0.0706916153430939,0.29622679948806802),(-0.205232128500938,-0.0530128739774227,0.172492980957031),(0.081506751477718395,-0.084267169237136799,0.0463023483753204),(0.10191743075847599,-0.074442267417907701,0.051159016788005801),(-0.104162633419037,-0.076946698129177094,0.197300210595131),(-0.16517552733421301,0.100392691791058,0.29582810401916498),(0.062447488307952902,-0.091415859758853898,0.17222362756729101),(-0.069627039134502397,0.037187956273555797,0.34510436654090898),(-0.129096910357475,-0.0715842396020889,0.053236216306686401),(-0.102229714393616,-0.091847240924835205,0.050027005374431603),(0.032824359834194197,-0.062863022089004503,0.21984750032424899),(-0.092939756810665103,-0.059812344610691098,0.212814390659332),(-0.14035141468048101,-0.065169602632522597,0.28168851137161299),(-0.029917692765593501,0.064641207456588703,0.34561496973037698),(-0.21033422648906699,-0.019161444157362002,0.170468419790268),(-0.18983559310436199,-0.0147899463772774,0.28466394543647799),(-0.070606246590614305,-0.035313483327627203,0.21978363394737199),(-0.19625069200992601,-0.0419037826359272,0.28600057959556602),(-0.18928930163383501,0.015417193993926,0.167268991470337),(-0.165491297841072,0.11925313621759399,0.30915606021881098),(-0.188711583614349,-0.042254343628883403,0.085793145000934601),(-0.13754981756210299,-0.0175594426691532,0.048555850982666002),(-0.043932139873504597,0.018803592771291702,0.20958797633647899),(-0.16614282131195099,0.043839089572429699,0.26928663253784202),(-0.100659042596817,0.021205041557550399,0.21069514751434301),(-0.16552481055259699,0.068157464265823406,0.27510389685630798),(-0.131917878985405,-0.043231453746557201,0.046977858990430797),(-0.039305612444877597,-0.12795625627040899,0.080524332821369199),(-0.0148295955732465,-0.13446485996246299,0.078124076128005995),(0.015651581808924699,-0.13201251626014701,0.077567555010318798),(0.12868037819862399,-0.063855484127998394,0.048698015511035898),(0.011726126074791,-0.12689021229743999,0.13852187991142301),(-0.10466920584440199,-0.097371205687522902,0.078620947897434207),(-0.072280377149581895,-0.099461384117603302,0.078243702650070204),(-0.090097695589065593,0.028924979269504499,0.30452710390090898),(-0.131665915250778,-0.080533765256404904,0.072933748364448506),(-0.17888680100441001,0.012752229347825101,0.28827843070030201),(-0.131906762719154,0.021608486771583599,0.21198642253875699),(0.043891087174415602,0.044665221124887501,0.17003519833087899),(0.126842275261879,-0.0620891898870468,0.0720244571566582),(-0.18145854771137199,0.072002008557319599,0.30515855550766002),(-0.105359517037868,0.0106867477297783,0.22220513224601701),(-0.075568191707134205,-0.10562424361705799,0.10775239020586),(-0.13077105581760401,0.043674066662788398,0.17174920439720201),(-0.133024662733078,0.049973726272583001,0.13867920637130701),(-0.11655567586422,-0.016352504491805999,0.262825727462769),(-0.19281311333179499,0.00962049700319767,0.22801180183887501),(-0.099599495530128507,0.046363279223442098,0.16991946101188701),(-0.0153328543528914,0.077565573155880002,0.138280719518661),(-0.014981144107878199,0.054450809955596903,0.170514196157455),(-0.077732682228088407,0.018959131091833101,0.29764273762702897),(-0.0429378487169743,0.052638925611972802,0.17119368910789501),(-0.21066805720329301,-0.093496181070804596,0.24589982628822299),(-0.162400558590889,0.019847765564918501,0.223333954811096),(0.112556174397469,-0.041590593755245202,0.087884321808815002),(-0.098499104380607605,0.034181393682956702,0.19681504368781999),(-0.125417664647102,0.0090764313936233503,0.29218667745590199),(0.0127286352217197,0.071599513292312594,0.13879486918449399),(-0.18446457386016801,-0.063567191362380995,0.091757819056510898),(-0.15984590351581601,0.034973580390214899,0.27703738212585399),(-0.163954228162766,-0.073273241519928006,0.079649306833743994),(-0.13022084534168199,0.047908123582601499,0.111017473042011),(-0.105627626180649,-0.103251308202744,0.104907594621181),(-0.044741299003362697,-0.130966305732727,0.105820834636688),(-0.0145897325128317,-0.13766741752624501,0.107010833919048),(0.017725914716720598,-0.13368052244186401,0.11051332205533999),(-0.20410780608654,-0.015498636290431,0.26576894521713301),(-0.16366261243820199,-0.096314474940300002,0.108248025178909),(-0.13377468287944799,-0.10294634848833099,0.108776144683361),(-0.15265351533889801,-0.093793697655201,0.011224430985748801),(-0.16937419772148099,0.076907724142074599,0.31595915555954002),(-0.15337011218071001,0.049544818699359901,0.28985559940338101),(-0.14865180850029,0.0935175195336342,0.30651676654815702),(-0.16377431154251099,-0.100279614329338,0.138708546757698),(-0.11478686332702601,-0.034975569695234299,0.251059830188751),(0.0435214228928089,-0.123003117740154,0.10708916932344401),(0.012256800197064901,0.023403245955705601,0.212896287441254),(-0.13291558623313901,-0.105148307979107,0.138666361570358),(-0.103796437382698,-0.10418801009655,0.13867013156413999),(-0.072159551084041595,-0.10598598420620001,0.13868197798728901),(0.041295304894447299,-0.0123581402003765,0.22149606049060799),(-0.069730058312416104,0.050716653466224698,0.17057833075523399),(0.044103622436523403,-0.11485235393047299,0.138935402035713),(-0.0128488391637802,0.038897763937711702,0.19625267386436501),(-0.124916173517704,-0.0065954644232988401,0.30610641837120101),(-0.218161851167679,-0.071009561419487,0.230814844369888),(-0.163197606801987,-0.097301132977008806,0.173606932163239),(-0.106259688735008,-0.096056446433067294,0.16729409992694899),(-0.13443931937217701,-0.099698133766651195,0.164969086647034),(-0.16057015955448201,-0.11072415113449099,0.202919006347656),(-0.120365753769875,-0.0054943212307989597,0.25305065512657199),(-0.13388374447822601,0.0106024611741304,0.23326064646243999),(-0.036546412855386699,0.062771737575531006,0.35149842500686601),(-0.069866277277469593,0.0357129909098148,0.30528181791305498),(-0.13544790446758301,-0.087454982101917295,0.18423964083194699),(-0.11289129406213801,0.00657996907830238,0.27190843224525502),(-0.0499069318175316,0.049813330173492397,0.32559448480606101),(-0.13573843240737901,-0.100006818771362,-7.4505805969238298E-09),(0.0123523958027363,-0.101531967520714,-7.4505805969238298E-09),(-0.102930329740047,-0.0987276136875153,-7.4505805969238298E-09),(-0.15838310122489899,0.035397697240114198,0.16776239871978799),(0.0585155189037323,-0.088726907968521104,0.0169257298111916),(-0.20223616063594799,-0.044089179486036301,0.107780121266842),(0.12652799487114,-0.0424845181405544,0.031791392713785199),(0.044511586427688599,-0.111490845680237,0.0452388003468513),(0.017885770648717901,0.035926546901464497,0.19932875037193301),(0.068533472716808305,-0.097868926823139205,0.053336590528488201),(0.13848847150802601,-0.043241940438747399,0.049372870475053801),(0.040656559169292401,0.062880277633667006,0.13853690028190599),(0.087181188166141496,-0.087038710713386494,0.138694822788239),(-0.050523392856121098,0.030018245801329599,0.313426643610001),(0.043532431125640897,-0.119963906705379,0.079212188720703097),(0.072314232587814303,-0.100660108029842,0.080147109925746904),(0.088067606091499301,-0.086207315325737,0.078484445810317993),(0.136276960372925,-0.040564406663179398,0.078633114695548997),(0.073530144989490495,0.046280417591333403,0.10518267005682),(-0.18078358471393599,0.120272636413574,0.33598318696022),(-0.155802026391029,-0.042164009064436,0.062247276306152302),(-0.19245125353336301,-0.073251098394393893,0.112686090171337),(0.031357906758785199,0.024013934656977699,0.208784699440002),(0.072888366878032698,-0.103513494133949,0.10735029727220501),(0.088500201702117906,-0.088567949831485707,0.105739302933216),(0.100790202617645,-0.071325965225696605,0.10683286935091001),(0.109439946711063,-0.042697813361883198,0.10730064660310699),(-0.18864569067955,-0.016788497567176802,0.086734533309936496),(-0.070942811667919201,0.035201638936996502,0.19365206360817),(-0.035719040781259502,0.061507299542427098,0.33572423458099399),(0.044791128486394903,0.0144118629395962,-7.4505805969238298E-09),(0.036986086517572403,0.0369828194379807,-7.4505805969238298E-09),(0.046112943440675701,-0.074882104992866502,-7.4505805969238298E-09),(0.104031659662724,-0.013561108149588099,0.014880455099046201),(0.0986066535115242,0.0066530667245387996,0.027150843292474702),(0.103960558772087,-0.042054206132888801,0.0150693515315652),(0.12187493592500701,-0.014796282164752501,0.0282622296363115),(0.069623030722141294,0.034055586904287297,0.16897678375244099),(0.072920307517051697,0.015480482019484,0.022627830505371101),(-0.044537633657455403,0.074140913784503895,0.13918834924697901),(0.046685803681612001,0.046007610857486697,0.019281636923551601),(0.13246268033981301,-0.0147683853283525,0.079218864440917997),(0.123972199857235,0.0051988400518894204,0.047179434448480599),(0.13483801484107999,-0.013569315895438199,0.047754302620887798),(0.101557418704033,0.0150842368602753,0.0500984787940979),(-0.15144678950309801,0.12579809129238101,0.31827211380004899),(0.082670360803604098,0.023927254602313,0.0464257299900055),(0.069340810179710402,0.043576501309871701,0.050089370459318203),(-0.042087167501449599,0.038013186305761303,0.19347192347049699),(-0.0971032008528709,0.061664186418056502,-7.4505805969238298E-09),(-0.013096379116177601,0.064698226749897003,0.0197515171021223),(-0.15711951255798301,0.00803167372941971,-7.4505805969238298E-09),(0.11360251903533899,-0.0132037419825792,0.087900876998901395),(-0.069912314414978,0.066078893840312999,0.019136946648359299),(0.038932818919420201,0.035146746784448603,0.19437369704246499),(0.076898850500583593,0.042041316628456102,0.078833237290382399),(0.10157422721386,0.013449816964566701,0.077325016260147095),(0.123080961406231,0.00395354814827442,0.069424629211425795),(-0.211960434913635,-0.102200835943222,0.22435654699802399),(0.110181555151939,-0.0136255938559771,0.109196342527866),(-0.10228259861469299,0.041438359767198597,0.019612405449152),(-0.17244529724121099,0.11539913713932,0.34077101945877097),(-0.18104864656925199,0.112369157373905,0.34296378493308999),(0.072526499629020705,-0.0152853392064571,0.20031921565532701),(-0.18397887051105499,0.070939481258392306,0.317676812410355),(-0.153028383851051,-0.038465742021799101,-7.4505805969238298E-09),(-0.15463718771934501,-0.069122225046157795,-7.4505805969238298E-09),(-0.15276530385017401,-0.073851056396961198,0.015262059867381999),(-0.15324869751930201,-0.091928474605083493,-7.4505805969238298E-09),(-0.16192090511321999,-0.0145302480086684,-7.4505805969238298E-09),(-0.16107626259326899,-0.0149271814152598,0.017303576692938801),(-0.139386385679245,-0.0480194091796875,0.020143253728747399),(-0.15407682955265001,-0.0336258858442307,0.015456427820026901),(-0.141747921705246,-0.015854705125093502,0.028887439519166901),(-0.056374344974756199,-0.108996540307999,0.073737934231758104),(-0.046169172972440699,0.089076623320579501,0.110146202147007),(-0.014641504734754601,0.051242686808109297,-7.4505805969238298E-09),(-0.15650817751884499,0.0087232589721679705,0.0127747664228082),(-0.093249447643756894,0.062288671731948901,0.0157215017825365),(-0.134241998195648,0.018051583319902399,0.022032404318451899),(-0.075461953878402696,0.045553155243396801,0.050916288048028897),(-0.103701874613762,0.027351761236786801,0.051787473261356402),(-0.13106697797775299,0.0115249017253518,0.0524038933217525),(-0.062931016087532002,0.069223217666149098,0.0536416172981262),(-0.13233558833599099,0.032287292182445498,0.19751612842082999),(-0.045288898050785099,0.0760203972458839,0.047217298299074201),(-0.16392612457275399,0.014242091216146901,0.082317456603050204),(-0.174691706895828,-0.013590028509497599,0.073650918900966603),(-0.048640221357345602,0.084989830851554898,0.078817538917064695),(-0.068951070308685303,0.070248566567897797,0.078427933156490298),(-0.081015311181545299,0.049158450216054903,0.074898481369018596),(-0.042974967509508098,0.061761982738971703,-7.4505805969238298E-09),(0.034993737936019897,0.00642204098403454,0.219141826033592),(-0.20232306420803101,-0.0122631303966045,0.109208643436432),(-0.18864616751670801,0.0148954978212714,0.108683586120605),(-0.074405290186405196,0.073566257953643799,0.106222227215767),(-0.16172915697097801,0.038199100643396398,0.108166508376598),(-0.10400860011577601,0.045392945408821099,-7.4505805969238298E-09),(0.038838986307382597,0.0702219158411026,0.10972835123539),(-0.041257582604885101,0.068883657455444294,0.020463420078158399),(-0.132600158452988,0.0162683837115765,-7.4505805969238298E-09),(0.041938424110412598,0.064372353255748693,0.048734202980995199),(-0.023075569421052902,0.090297073125839206,0.10679674148559599),(0.012268561869859701,0.050309188663959503,-7.4505805969238298E-09),(0.042002942413091701,0.068097189068794306,0.078996323049068506),(-0.0132175851613283,0.0062548909336328498,0.22230856120586401),(0.0146723045036197,0.0072375703603029303,0.22327166795730599),(0.072014905512332902,-0.0120490025728941,0.0023154728114604898),(0.013688700273633,0.064237922430038494,0.026222294196486501),(0.033619936555624001,0.0599825419485569,0.030163124203681901),(0.0156846102327108,0.072612270712852506,0.049756746739149101),(-0.013997345231473401,0.076657921075820895,0.047489698976278298),(-0.0166601836681366,0.085770584642887102,0.079043559730052906),(0.012741612270474399,0.078784503042697906,0.077618442475795704),(-0.137325063347816,0.0222998633980751,0.070947006344795199),(-0.103061355650425,0.039231970906257602,0.082869827747344998),(-0.133015736937523,0.038739111274480799,0.090441502630710602),(-0.151931047439575,0.032119162380695301,0.087871745228767395),(0.0125869233161211,0.080663256347179399,0.105742789804935),(-0.099574208259582506,0.049370177090167999,0.106232292950153),(-0.074660375714302105,0.065608516335487393,-7.4505805969238298E-09),(0.012295331805944399,0.017735980451107001,-7.4505805969238298E-09),(-0.0146934473887086,0.0262711010873318,-7.4505805969238298E-09),(-0.042937453836202601,0.0298651698976755,-7.4505805969238298E-09),(-0.103215932846069,0.013783566653728501,-7.4505805969238298E-09),(0.044442240148782702,-0.0129836350679398,-7.4505805969238298E-09),(-0.074651889503002195,0.0316607765853405,-7.4505805969238298E-09),(0.012301836162805601,-0.0127876792103052,-7.4505805969238298E-09),(-0.014721509069204299,-0.0133242877200246,-7.4505805969238298E-09),(-0.101430043578148,-0.0147481001913548,-7.4505805969238298E-09),(-0.042921368032693898,-0.015100215561687899,-7.4505805969238298E-09),(-0.13263094425201399,-0.013438753783702901,-7.4505805969238298E-09),(-0.074647501111030606,-0.0111579261720181,-7.4505805969238298E-09),(0.046194959431886701,-0.048381853848695797,-7.4505805969238298E-09),(0.012302856892347299,-0.043156564235687297,-7.4505805969238298E-09),(0.067694336175918607,-0.043998412787914297,0.0021392127964645598),(-0.014721460640430501,-0.041930451989173903,-7.4505805969238298E-09),(-0.042921368032693898,-0.042623061686754199,-7.4505805969238298E-09),(-0.134391859173775,-0.042099572718143498,-7.4505805969238298E-09),(0.012300323694944401,-0.071424052119255094,-7.4505805969238298E-09),(-0.0147217661142349,-0.071994066238403306,-7.4505805969238298E-09),(-0.074647709727287306,-0.069838128983974498,-7.4505805969238298E-09),(-0.042921368032693898,-0.072192892432212802,-7.4505805969238298E-09),(-0.101144231855869,-0.071869701147079496,-7.4505805969238298E-09),(0.034795064479112597,-0.096686989068984999,-7.4505805969238298E-09),(-0.13206708431243899,-0.072001732885837597,-7.4505805969238298E-09),(-0.159548789262772,-0.0125050684437156,0.061868898570537602),(-0.016907110810279801,-0.107485927641392,-7.4505805969238298E-09),(-0.074639432132244096,-0.103576719760895,-7.4505805969238298E-09),(-0.042875751852989197,-0.105996340513229,-7.4505805969238298E-09),(-0.074647486209869399,-0.041812736541032798,-7.4505805969238298E-09),(-0.101288944482803,-0.045651122927665697,-7.4505805969238298E-09),(0.061871238052845001,0.0245271548628807,0.19157718122005499),(-0.047021679580211598,0.0414715930819511,0.34433230757713301),(-0.0351001992821693,0.058260396122932399,0.35213139653205899),(-0.043320570141077,0.042272530496120501,0.32572698593139598),(-0.0332878455519676,0.056865319609642001,0.33487105369567899),(-0.078228592872619601,0.010980136692524,0.33427751064300498),(-0.061219789087772397,0.018510393798351302,0.30783212184906),(-0.087691977620124803,0.026863783597946202,0.333815038204193),(-0.075094908475875896,-0.00158989988267422,0.21651217341423001),(-0.0432584583759308,0.00072463066317141099,0.21738417446613301)),$);
#473=IFCINDEXEDPOLYGONALFACE((187,278,44));
#474=IFCINDEXEDPOLYGONALFACE((21,52,60));
#475=IFCINDEXEDPOLYGONALFACE((91,100,31));
#476=IFCINDEXEDPOLYGONALFACE((162,19,191));
#477=IFCINDEXEDPOLYGONALFACE((288,180,159));
#478=IFCINDEXEDPOLYGONALFACE((241,219,307));
#479=IFCINDEXEDPOLYGONALFACE((54,93,173));
#480=IFCINDEXEDPOLYGONALFACE((60,45,21));
#481=IFCINDEXEDPOLYGONALFACE((58,110,55));
#482=IFCINDEXEDPOLYGONALFACE((64,18,70));
#483=IFCINDEXEDPOLYGONALFACE((2,207,162));
#484=IFCINDEXEDPOLYGONALFACE((10,176,188));
#485=IFCINDEXEDPOLYGONALFACE((105,114,113));
#486=IFCINDEXEDPOLYGONALFACE((220,106,249));
#487=IFCINDEXEDPOLYGONALFACE((252,321,244));
#488=IFCINDEXEDPOLYGONALFACE((162,57,19));
#489=IFCINDEXEDPOLYGONALFACE((224,147,220));
#490=IFCINDEXEDPOLYGONALFACE((90,373,124));
#491=IFCINDEXEDPOLYGONALFACE((70,199,64));
#492=IFCINDEXEDPOLYGONALFACE((256,248,258));
#493=IFCINDEXEDPOLYGONALFACE((115,212,207));
#494=IFCINDEXEDPOLYGONALFACE((103,36,7));
#495=IFCINDEXEDPOLYGONALFACE((71,306,320));
#496=IFCINDEXEDPOLYGONALFACE((297,267,294));
#497=IFCINDEXEDPOLYGONALFACE((57,50,19));
#498=IFCINDEXEDPOLYGONALFACE((117,44,188));
#499=IFCINDEXEDPOLYGONALFACE((62,56,153));
#500=IFCINDEXEDPOLYGONALFACE((106,147,120));
#501=IFCINDEXEDPOLYGONALFACE((254,244,245));
#502=IFCINDEXEDPOLYGONALFACE((208,207,2));
#503=IFCINDEXEDPOLYGONALFACE((256,257,250));
#504=IFCINDEXEDPOLYGONALFACE((203,205,211));
#505=IFCINDEXEDPOLYGONALFACE((56,278,157));
#506=IFCINDEXEDPOLYGONALFACE((103,7,9));
#507=IFCINDEXEDPOLYGONALFACE((63,140,176));
#508=IFCINDEXEDPOLYGONALFACE((15,109,118));
#509=IFCINDEXEDPOLYGONALFACE((59,159,180));
#510=IFCINDEXEDPOLYGONALFACE((158,154,208));
#511=IFCINDEXEDPOLYGONALFACE((300,241,308));
#512=IFCINDEXEDPOLYGONALFACE((23,32,42));
#513=IFCINDEXEDPOLYGONALFACE((44,278,56));
#514=IFCINDEXEDPOLYGONALFACE((189,259,67));
#515=IFCINDEXEDPOLYGONALFACE((309,304,333));
#516=IFCINDEXEDPOLYGONALFACE((136,89,259));
#517=IFCINDEXEDPOLYGONALFACE((31,191,19));
#518=IFCINDEXEDPOLYGONALFACE((295,304,294));
#519=IFCINDEXEDPOLYGONALFACE((50,38,19));
#520=IFCINDEXEDPOLYGONALFACE((44,62,10));
#521=IFCINDEXEDPOLYGONALFACE((369,25,227));
#522=IFCINDEXEDPOLYGONALFACE((136,47,233));
#523=IFCINDEXEDPOLYGONALFACE((33,54,201));
#524=IFCINDEXEDPOLYGONALFACE((333,304,329));
#525=IFCINDEXEDPOLYGONALFACE((281,110,285));
#526=IFCINDEXEDPOLYGONALFACE((275,80,276));
#527=IFCINDEXEDPOLYGONALFACE((119,106,120));
#528=IFCINDEXEDPOLYGONALFACE((276,80,233));
#529=IFCINDEXEDPOLYGONALFACE((232,318,312));
#530=IFCINDEXEDPOLYGONALFACE((208,63,115));
#531=IFCINDEXEDPOLYGONALFACE((150,288,159));
#532=IFCINDEXEDPOLYGONALFACE((286,287,284));
#533=IFCINDEXEDPOLYGONALFACE((286,285,287));
#534=IFCINDEXEDPOLYGONALFACE((285,286,279));
#535=IFCINDEXEDPOLYGONALFACE((239,171,240));
#536=IFCINDEXEDPOLYGONALFACE((233,47,276));
#537=IFCINDEXEDPOLYGONALFACE((124,213,90));
#538=IFCINDEXEDPOLYGONALFACE((157,278,47));
#539=IFCINDEXEDPOLYGONALFACE((187,47,157));
#540=IFCINDEXEDPOLYGONALFACE((268,75,222));
#541=IFCINDEXEDPOLYGONALFACE((101,269,232));
#542=IFCINDEXEDPOLYGONALFACE((277,7,13));
#543=IFCINDEXEDPOLYGONALFACE((140,63,74));
#544=IFCINDEXEDPOLYGONALFACE((140,74,56));
#545=IFCINDEXEDPOLYGONALFACE((74,153,56));
#546=IFCINDEXEDPOLYGONALFACE((57,201,50));
#547=IFCINDEXEDPOLYGONALFACE((320,236,193));
#548=IFCINDEXEDPOLYGONALFACE((222,236,268));
#549=IFCINDEXEDPOLYGONALFACE((173,50,201));
#550=IFCINDEXEDPOLYGONALFACE((299,267,297));
#551=IFCINDEXEDPOLYGONALFACE((162,212,57));
#552=IFCINDEXEDPOLYGONALFACE((208,115,207));
#553=IFCINDEXEDPOLYGONALFACE((267,292,274));
#554=IFCINDEXEDPOLYGONALFACE((98,197,277));
#555=IFCINDEXEDPOLYGONALFACE((295,328,329));
#556=IFCINDEXEDPOLYGONALFACE((158,208,2));
#557=IFCINDEXEDPOLYGONALFACE((201,57,33));
#558=IFCINDEXEDPOLYGONALFACE((187,47,278));
#559=IFCINDEXEDPOLYGONALFACE((241,307,308));
#560=IFCINDEXEDPOLYGONALFACE((335,317,245));
#561=IFCINDEXEDPOLYGONALFACE((328,330,329));
#562=IFCINDEXEDPOLYGONALFACE((84,128,121));
#563=IFCINDEXEDPOLYGONALFACE((331,330,328));
#564=IFCINDEXEDPOLYGONALFACE((300,331,328));
#565=IFCINDEXEDPOLYGONALFACE((129,19,38));
#566=IFCINDEXEDPOLYGONALFACE((154,298,66));
#567=IFCINDEXEDPOLYGONALFACE((317,322,323));
#568=IFCINDEXEDPOLYGONALFACE((302,297,303));
#569=IFCINDEXEDPOLYGONALFACE((212,93,167));
#570=IFCINDEXEDPOLYGONALFACE((94,185,184));
#571=IFCINDEXEDPOLYGONALFACE((211,121,100));
#572=IFCINDEXEDPOLYGONALFACE((212,173,93));
#573=IFCINDEXEDPOLYGONALFACE((317,254,245));
#574=IFCINDEXEDPOLYGONALFACE((51,15,41));
#575=IFCINDEXEDPOLYGONALFACE((321,339,244));
#576=IFCINDEXEDPOLYGONALFACE((244,335,245));
#577=IFCINDEXEDPOLYGONALFACE((211,204,121));
#578=IFCINDEXEDPOLYGONALFACE((246,72,358));
#579=IFCINDEXEDPOLYGONALFACE((300,360,301));
#580=IFCINDEXEDPOLYGONALFACE((234,177,39));
#581=IFCINDEXEDPOLYGONALFACE((125,152,177));
#582=IFCINDEXEDPOLYGONALFACE((338,314,311));
#583=IFCINDEXEDPOLYGONALFACE((149,94,152));
#584=IFCINDEXEDPOLYGONALFACE((39,175,137));
#585=IFCINDEXEDPOLYGONALFACE((334,292,267));
#586=IFCINDEXEDPOLYGONALFACE((343,338,340,346));
#587=IFCINDEXEDPOLYGONALFACE((283,286,284));
#588=IFCINDEXEDPOLYGONALFACE((129,16,53));
#589=IFCINDEXEDPOLYGONALFACE((102,249,106));
#590=IFCINDEXEDPOLYGONALFACE((197,12,23));
#591=IFCINDEXEDPOLYGONALFACE((330,310,178));
#592=IFCINDEXEDPOLYGONALFACE((307,61,22,308));
#593=IFCINDEXEDPOLYGONALFACE((300,310,331));
#594=IFCINDEXEDPOLYGONALFACE((205,190,194));
#595=IFCINDEXEDPOLYGONALFACE((133,2,31));
#596=IFCINDEXEDPOLYGONALFACE((85,92,20));
#597=IFCINDEXEDPOLYGONALFACE((360,39,301));
#598=IFCINDEXEDPOLYGONALFACE((122,47,136));
#599=IFCINDEXEDPOLYGONALFACE((281,282,186));
#600=IFCINDEXEDPOLYGONALFACE((2,191,31));
#601=IFCINDEXEDPOLYGONALFACE((250,249,247));
#602=IFCINDEXEDPOLYGONALFACE((58,214,216));
#603=IFCINDEXEDPOLYGONALFACE((234,138,143));
#604=IFCINDEXEDPOLYGONALFACE((141,298,154));
#605=IFCINDEXEDPOLYGONALFACE((27,45,76));
#606=IFCINDEXEDPOLYGONALFACE((146,181,145));
#607=IFCINDEXEDPOLYGONALFACE((144,181,180));
#608=IFCINDEXEDPOLYGONALFACE((195,185,179));
#609=IFCINDEXEDPOLYGONALFACE((228,223,229));
#610=IFCINDEXEDPOLYGONALFACE((49,358,72));
#611=IFCINDEXEDPOLYGONALFACE((74,34,183));
#612=IFCINDEXEDPOLYGONALFACE((221,218,223));
#613=IFCINDEXEDPOLYGONALFACE((146,107,108));
#614=IFCINDEXEDPOLYGONALFACE((194,204,205));
#615=IFCINDEXEDPOLYGONALFACE((352,359,280,279));
#616=IFCINDEXEDPOLYGONALFACE((46,64,199));
#617=IFCINDEXEDPOLYGONALFACE((366,86,251));
#618=IFCINDEXEDPOLYGONALFACE((48,114,105));
#619=IFCINDEXEDPOLYGONALFACE((198,95,164));
#620=IFCINDEXEDPOLYGONALFACE((372,65,167));
#621=IFCINDEXEDPOLYGONALFACE((74,132,153));
#622=IFCINDEXEDPOLYGONALFACE((21,12,4));
#623=IFCINDEXEDPOLYGONALFACE((288,111,113));
#624=IFCINDEXEDPOLYGONALFACE((75,225,174));
#625=IFCINDEXEDPOLYGONALFACE((166,262,200));
#626=IFCINDEXEDPOLYGONALFACE((223,230,229));
#627=IFCINDEXEDPOLYGONALFACE((26,92,3));
#628=IFCINDEXEDPOLYGONALFACE((219,88,82));
#629=IFCINDEXEDPOLYGONALFACE((355,357,365,364));
#630=IFCINDEXEDPOLYGONALFACE((322,325,324));
#631=IFCINDEXEDPOLYGONALFACE((257,220,250));
#632=IFCINDEXEDPOLYGONALFACE((289,104,253));
#633=IFCINDEXEDPOLYGONALFACE((228,108,221));
#634=IFCINDEXEDPOLYGONALFACE((119,218,102));
#635=IFCINDEXEDPOLYGONALFACE((367,124,25));
#636=IFCINDEXEDPOLYGONALFACE((327,325,326));
#637=IFCINDEXEDPOLYGONALFACE((40,115,63));
#638=IFCINDEXEDPOLYGONALFACE((321,248,247));
#639=IFCINDEXEDPOLYGONALFACE((158,83,141));
#640=IFCINDEXEDPOLYGONALFACE((13,98,277));
#641=IFCINDEXEDPOLYGONALFACE((352,345,343,365));
#642=IFCINDEXEDPOLYGONALFACE((5,374,1));
#643=IFCINDEXEDPOLYGONALFACE((339,347,348,341));
#644=IFCINDEXEDPOLYGONALFACE((135,87,22));
#645=IFCINDEXEDPOLYGONALFACE((156,224,231));
#646=IFCINDEXEDPOLYGONALFACE((163,63,170));
#647=IFCINDEXEDPOLYGONALFACE((56,142,140));
#648=IFCINDEXEDPOLYGONALFACE((362,355,356,363));
#649=IFCINDEXEDPOLYGONALFACE((88,203,15));
#650=IFCINDEXEDPOLYGONALFACE((24,163,73));
#651=IFCINDEXEDPOLYGONALFACE((14,78,68));
#652=IFCINDEXEDPOLYGONALFACE((248,260,258));
#653=IFCINDEXEDPOLYGONALFACE((78,26,17));
#654=IFCINDEXEDPOLYGONALFACE((16,17,53));
#655=IFCINDEXEDPOLYGONALFACE((161,164,95));
#656=IFCINDEXEDPOLYGONALFACE((291,287,293));
#657=IFCINDEXEDPOLYGONALFACE((127,18,32));
#658=IFCINDEXEDPOLYGONALFACE((182,199,148));
#659=IFCINDEXEDPOLYGONALFACE((319,71,320));
#660=IFCINDEXEDPOLYGONALFACE((225,232,312));
#661=IFCINDEXEDPOLYGONALFACE((302,309,289));
#662=IFCINDEXEDPOLYGONALFACE((13,36,11));
#663=IFCINDEXEDPOLYGONALFACE((308,87,310));
#664=IFCINDEXEDPOLYGONALFACE((353,348,347,246));
#665=IFCINDEXEDPOLYGONALFACE((262,79,200));
#666=IFCINDEXEDPOLYGONALFACE((131,73,135));
#667=IFCINDEXEDPOLYGONALFACE((370,213,243));
#668=IFCINDEXEDPOLYGONALFACE((92,100,91));
#669=IFCINDEXEDPOLYGONALFACE((89,233,80));
#670=IFCINDEXEDPOLYGONALFACE((332,165,174));
#671=IFCINDEXEDPOLYGONALFACE((1,374,2));
#672=IFCINDEXEDPOLYGONALFACE((28,368,209));
#673=IFCINDEXEDPOLYGONALFACE((189,136,259));
#674=IFCINDEXEDPOLYGONALFACE((326,332,327));
#675=IFCINDEXEDPOLYGONALFACE((117,122,189));
#676=IFCINDEXEDPOLYGONALFACE((132,16,40));
#677=IFCINDEXEDPOLYGONALFACE((263,334,311));
#678=IFCINDEXEDPOLYGONALFACE((134,183,68));
#679=IFCINDEXEDPOLYGONALFACE((157,122,142));
#680=IFCINDEXEDPOLYGONALFACE((239,230,97));
#681=IFCINDEXEDPOLYGONALFACE((180,96,59));
#682=IFCINDEXEDPOLYGONALFACE((99,113,111));
#683=IFCINDEXEDPOLYGONALFACE((22,131,135));
#684=IFCINDEXEDPOLYGONALFACE((321,249,349));
#685=IFCINDEXEDPOLYGONALFACE((156,120,147));
#686=IFCINDEXEDPOLYGONALFACE((148,181,182));
#687=IFCINDEXEDPOLYGONALFACE((152,126,149));
#688=IFCINDEXEDPOLYGONALFACE((346,340,337,344));
#689=IFCINDEXEDPOLYGONALFACE((358,215,353,246));
#690=IFCINDEXEDPOLYGONALFACE((275,89,80));
#691=IFCINDEXEDPOLYGONALFACE((240,37,239));
#692=IFCINDEXEDPOLYGONALFACE((14,183,34));
#693=IFCINDEXEDPOLYGONALFACE((293,295,274));
#694=IFCINDEXEDPOLYGONALFACE((350,351,344,342));
#695=IFCINDEXEDPOLYGONALFACE((148,112,96));
#696=IFCINDEXEDPOLYGONALFACE((313,325,264));
#697=IFCINDEXEDPOLYGONALFACE((154,170,208));
#698=IFCINDEXEDPOLYGONALFACE((226,123,46));
#699=IFCINDEXEDPOLYGONALFACE((351,364,346,344));
#700=IFCINDEXEDPOLYGONALFACE((355,362,216,357));
#701=IFCINDEXEDPOLYGONALFACE((349,339,321));
#702=IFCINDEXEDPOLYGONALFACE((318,324,327));
#703=IFCINDEXEDPOLYGONALFACE((338,311,334,340));
#704=IFCINDEXEDPOLYGONALFACE((326,299,302));
#705=IFCINDEXEDPOLYGONALFACE((112,59,96));
#706=IFCINDEXEDPOLYGONALFACE((262,198,242));
#707=IFCINDEXEDPOLYGONALFACE((272,51,41));
#708=IFCINDEXEDPOLYGONALFACE((318,261,315));
#709=IFCINDEXEDPOLYGONALFACE((167,57,212));
#710=IFCINDEXEDPOLYGONALFACE((271,266,255));
#711=IFCINDEXEDPOLYGONALFACE((218,246,102));
#712=IFCINDEXEDPOLYGONALFACE((94,179,185));
#713=IFCINDEXEDPOLYGONALFACE((343,346,364,365));
#714=IFCINDEXEDPOLYGONALFACE((40,153,132));
#715=IFCINDEXEDPOLYGONALFACE((345,314,338,343));
#716=IFCINDEXEDPOLYGONALFACE((8,121,204));
#717=IFCINDEXEDPOLYGONALFACE((32,64,123));
#718=IFCINDEXEDPOLYGONALFACE((88,109,82));
#719=IFCINDEXEDPOLYGONALFACE((133,128,81));
#720=IFCINDEXEDPOLYGONALFACE((193,319,320));
#721=IFCINDEXEDPOLYGONALFACE((370,367,369));
#722=IFCINDEXEDPOLYGONALFACE((6,9,42));
#723=IFCINDEXEDPOLYGONALFACE((214,186,282));
#724=IFCINDEXEDPOLYGONALFACE((200,75,166));
#725=IFCINDEXEDPOLYGONALFACE((375,79,139));
#726=IFCINDEXEDPOLYGONALFACE((95,309,333));
#727=IFCINDEXEDPOLYGONALFACE((221,49,72));
#728=IFCINDEXEDPOLYGONALFACE((36,273,11));
#729=IFCINDEXEDPOLYGONALFACE((69,155,251));
#730=IFCINDEXEDPOLYGONALFACE((316,302,289));
#731=IFCINDEXEDPOLYGONALFACE((297,304,303));
#732=IFCINDEXEDPOLYGONALFACE((195,159,196));
#733=IFCINDEXEDPOLYGONALFACE((110,186,55));
#734=IFCINDEXEDPOLYGONALFACE((323,324,315));
#735=IFCINDEXEDPOLYGONALFACE((172,83,242));
#736=IFCINDEXEDPOLYGONALFACE((61,219,82));
#737=IFCINDEXEDPOLYGONALFACE((283,291,265));
#738=IFCINDEXEDPOLYGONALFACE((184,175,177));
#739=IFCINDEXEDPOLYGONALFACE((349,246,347));
#740=IFCINDEXEDPOLYGONALFACE((174,166,75));
#741=IFCINDEXEDPOLYGONALFACE((48,363,361));
#742=IFCINDEXEDPOLYGONALFACE((199,237,46));
#743=IFCINDEXEDPOLYGONALFACE((164,242,198));
#744=IFCINDEXEDPOLYGONALFACE((290,317,335,336));
#745=IFCINDEXEDPOLYGONALFACE((217,298,160));
#746=IFCINDEXEDPOLYGONALFACE((193,200,79));
#747=IFCINDEXEDPOLYGONALFACE((253,166,165));
#748=IFCINDEXEDPOLYGONALFACE((202,116,51));
#749=IFCINDEXEDPOLYGONALFACE((236,366,268));
#750=IFCINDEXEDPOLYGONALFACE((170,73,163));
#751=IFCINDEXEDPOLYGONALFACE((360,328,296));
#752=IFCINDEXEDPOLYGONALFACE((354,350,348,353));
#753=IFCINDEXEDPOLYGONALFACE((359,357,216,214));
#754=IFCINDEXEDPOLYGONALFACE((143,110,125));
#755=IFCINDEXEDPOLYGONALFACE((265,314,345,283));
#756=IFCINDEXEDPOLYGONALFACE((252,261,260));
#757=IFCINDEXEDPOLYGONALFACE((305,337,340,334));
#758=IFCINDEXEDPOLYGONALFACE((131,116,24));
#759=IFCINDEXEDPOLYGONALFACE((104,168,253));
#760=IFCINDEXEDPOLYGONALFACE((126,99,111));
#761=IFCINDEXEDPOLYGONALFACE((47,275,276));
#762=IFCINDEXEDPOLYGONALFACE((230,120,97));
#763=IFCINDEXEDPOLYGONALFACE((279,283,345,352));
#764=IFCINDEXEDPOLYGONALFACE((67,89,275));
#765=IFCINDEXEDPOLYGONALFACE((257,271,255));
#766=IFCINDEXEDPOLYGONALFACE((257,231,224));
#767=IFCINDEXEDPOLYGONALFACE((316,253,165));
#768=IFCINDEXEDPOLYGONALFACE((17,3,53));
#769=IFCINDEXEDPOLYGONALFACE((273,171,266));
#770=IFCINDEXEDPOLYGONALFACE((260,270,258));
#771=IFCINDEXEDPOLYGONALFACE((362,58,216));
#772=IFCINDEXEDPOLYGONALFACE((48,108,107));
#773=IFCINDEXEDPOLYGONALFACE((57,65,33));
#774=IFCINDEXEDPOLYGONALFACE((160,172,164));
#775=IFCINDEXEDPOLYGONALFACE((190,235,184));
#776=IFCINDEXEDPOLYGONALFACE((354,353,215,361));
#777=IFCINDEXEDPOLYGONALFACE((258,271,256));
#778=IFCINDEXEDPOLYGONALFACE((155,366,251));
#779=IFCINDEXEDPOLYGONALFACE((365,357,359,352));
#780=IFCINDEXEDPOLYGONALFACE((169,20,26));
#781=IFCINDEXEDPOLYGONALFACE((312,174,225));
#782=IFCINDEXEDPOLYGONALFACE((273,43,11));
#783=IFCINDEXEDPOLYGONALFACE((264,317,290));
#784=IFCINDEXEDPOLYGONALFACE((287,296,293));
#785=IFCINDEXEDPOLYGONALFACE((159,149,150));
#786=IFCINDEXEDPOLYGONALFACE((267,305,334));
#787=IFCINDEXEDPOLYGONALFACE((206,211,100));
#788=IFCINDEXEDPOLYGONALFACE((126,150,149));
#789=IFCINDEXEDPOLYGONALFACE((288,114,144));
#790=IFCINDEXEDPOLYGONALFACE((266,101,273));
#791=IFCINDEXEDPOLYGONALFACE((123,42,32));
#792=IFCINDEXEDPOLYGONALFACE((255,171,231));
#793=IFCINDEXEDPOLYGONALFACE((34,116,14));
#794=IFCINDEXEDPOLYGONALFACE((91,3,92));
#795=IFCINDEXEDPOLYGONALFACE((287,143,138));
#796=IFCINDEXEDPOLYGONALFACE((77,12,71));
#797=IFCINDEXEDPOLYGONALFACE((95,178,161));
#798=IFCINDEXEDPOLYGONALFACE((285,280,281));
#799=IFCINDEXEDPOLYGONALFACE((242,139,262));
#800=IFCINDEXEDPOLYGONALFACE((332,318,327));
#801=IFCINDEXEDPOLYGONALFACE((226,239,37));
#802=IFCINDEXEDPOLYGONALFACE((175,219,137));
#803=IFCINDEXEDPOLYGONALFACE((177,94,184));
#804=IFCINDEXEDPOLYGONALFACE((103,226,37));
#805=IFCINDEXEDPOLYGONALFACE((372,371,65));
#806=IFCINDEXEDPOLYGONALFACE((341,335,244,339));
#807=IFCINDEXEDPOLYGONALFACE((101,69,43));
#808=IFCINDEXEDPOLYGONALFACE((146,192,182));
#809=IFCINDEXEDPOLYGONALFACE((52,77,5));
#810=IFCINDEXEDPOLYGONALFACE((133,60,52));
#811=IFCINDEXEDPOLYGONALFACE((28,243,213));
#812=IFCINDEXEDPOLYGONALFACE((110,126,125));
#813=IFCINDEXEDPOLYGONALFACE((140,188,176));
#814=IFCINDEXEDPOLYGONALFACE((341,342,336,335));
#815=IFCINDEXEDPOLYGONALFACE((82,131,61));
#816=IFCINDEXEDPOLYGONALFACE((290,336,337,305));
#817=IFCINDEXEDPOLYGONALFACE((109,51,116));
#818=IFCINDEXEDPOLYGONALFACE((210,29,90));
#819=IFCINDEXEDPOLYGONALFACE((45,30,21));
#820=IFCINDEXEDPOLYGONALFACE((204,196,8));
#821=IFCINDEXEDPOLYGONALFACE((229,238,237));
#822=IFCINDEXEDPOLYGONALFACE((161,217,160));
#823=IFCINDEXEDPOLYGONALFACE((305,264,290));
#824=IFCINDEXEDPOLYGONALFACE((84,60,81));
#825=IFCINDEXEDPOLYGONALFACE((185,190,184));
#826=IFCINDEXEDPOLYGONALFACE((5,133,52));
#827=IFCINDEXEDPOLYGONALFACE((189,187,117));
#828=IFCINDEXEDPOLYGONALFACE((226,237,238));
#829=IFCINDEXEDPOLYGONALFACE((23,277,197));
#830=IFCINDEXEDPOLYGONALFACE((76,8,27));
#831=IFCINDEXEDPOLYGONALFACE((294,274,295));
#832=IFCINDEXEDPOLYGONALFACE((145,114,107));
#833=IFCINDEXEDPOLYGONALFACE((188,44,10));
#834=IFCINDEXEDPOLYGONALFACE((41,203,85));
#835=IFCINDEXEDPOLYGONALFACE((13,43,86));
#836=IFCINDEXEDPOLYGONALFACE((355,364,351,356));
#837=IFCINDEXEDPOLYGONALFACE((234,125,177));
#838=IFCINDEXEDPOLYGONALFACE((40,38,50));
#839=IFCINDEXEDPOLYGONALFACE((272,85,20));
#840=IFCINDEXEDPOLYGONALFACE((215,48,361));
#841=IFCINDEXEDPOLYGONALFACE((39,241,301));
#842=IFCINDEXEDPOLYGONALFACE((311,292,263));
#843=IFCINDEXEDPOLYGONALFACE((69,86,43));
#844=IFCINDEXEDPOLYGONALFACE((310,161,178));
#845=IFCINDEXEDPOLYGONALFACE((202,169,78));
#846=IFCINDEXEDPOLYGONALFACE((248,250,247));
#847=IFCINDEXEDPOLYGONALFACE((296,138,360));
#848=IFCINDEXEDPOLYGONALFACE((42,9,23));
#849=IFCINDEXEDPOLYGONALFACE((203,206,85));
#850=IFCINDEXEDPOLYGONALFACE((202,272,169));
#851=IFCINDEXEDPOLYGONALFACE((342,344,337,336));
#852=IFCINDEXEDPOLYGONALFACE((129,35,19));
#853=IFCINDEXEDPOLYGONALFACE((2,162,191));
#854=IFCINDEXEDPOLYGONALFACE((366,306,98));
#855=IFCINDEXEDPOLYGONALFACE((361,363,356,354));
#856=IFCINDEXEDPOLYGONALFACE((68,17,134));
#857=IFCINDEXEDPOLYGONALFACE((54,173,201));
#858=IFCINDEXEDPOLYGONALFACE((210,167,151));
#859=IFCINDEXEDPOLYGONALFACE((156,171,97));
#860=IFCINDEXEDPOLYGONALFACE((54,151,93));
#861=IFCINDEXEDPOLYGONALFACE((59,8,196));
#862=IFCINDEXEDPOLYGONALFACE((213,210,90));
#863=IFCINDEXEDPOLYGONALFACE((54,371,373));
#864=IFCINDEXEDPOLYGONALFACE((130,243,209));
#865=IFCINDEXEDPOLYGONALFACE((359,214,282,280));
#866=IFCINDEXEDPOLYGONALFACE((142,117,188));
#867=IFCINDEXEDPOLYGONALFACE((28,367,368));
#868=IFCINDEXEDPOLYGONALFACE((237,228,229));
#869=IFCINDEXEDPOLYGONALFACE((362,105,99));
#870=IFCINDEXEDPOLYGONALFACE((291,314,265));
#871=IFCINDEXEDPOLYGONALFACE((45,70,18));
#872=IFCINDEXEDPOLYGONALFACE((210,372,167));
#873=IFCINDEXEDPOLYGONALFACE((62,63,176));
#874=IFCINDEXEDPOLYGONALFACE((91,19,35));
#875=IFCINDEXEDPOLYGONALFACE((206,203,211));
#876=IFCINDEXEDPOLYGONALFACE((269,260,261));
#877=IFCINDEXEDPOLYGONALFACE((53,35,129));
#878=IFCINDEXEDPOLYGONALFACE((54,29,151));
#879=IFCINDEXEDPOLYGONALFACE((130,368,370));
#880=IFCINDEXEDPOLYGONALFACE((67,187,189));
#881=IFCINDEXEDPOLYGONALFACE((371,25,124));
#882=IFCINDEXEDPOLYGONALFACE((130,209,368));
#883=IFCINDEXEDPOLYGONALFACE((243,130,370));
#884=IFCINDEXEDPOLYGONALFACE((213,227,210));
#885=IFCINDEXEDPOLYGONALFACE((227,372,210));
#886=IFCINDEXEDPOLYGONALFACE((167,93,151));
#887=IFCINDEXEDPOLYGONALFACE((372,227,25));
#888=IFCINDEXEDPOLYGONALFACE((373,29,54));
#889=IFCINDEXEDPOLYGONALFACE((213,369,227));
#890=IFCINDEXEDPOLYGONALFACE((371,124,373));
#891=IFCINDEXEDPOLYGONALFACE((341,348,350,342));
#892=IFCINDEXEDPOLYGONALFACE((135,66,217));
#893=IFCINDEXEDPOLYGONALFACE((65,371,33));
#894=IFCINDEXEDPOLYGONALFACE((350,354,356,351));
#895=IFCINDEXEDPOLYGONALFACE((333,330,178));
#896=IFCINDEXEDPOLYGONALFACE((315,254,323));
#897=IFCINDEXEDPOLYGONALFACE((127,12,30));
#898=IFCINDEXEDPOLYGONALFACE((100,128,31));
#899=IFCINDEXEDPOLYGONALFACE((319,5,77));
#900=IFCINDEXEDPOLYGONALFACE((374,158,2));
#901=IFCINDEXEDPOLYGONALFACE((375,83,374));
#902=IFCINDEXEDPOLYGONALFACE((314,274,311));
#903=IFCINDEXEDPOLYGONALFACE((21,4,52));
#904=IFCINDEXEDPOLYGONALFACE((288,144,180));
#905=IFCINDEXEDPOLYGONALFACE((241,137,219));
#906=IFCINDEXEDPOLYGONALFACE((60,76,45));
#907=IFCINDEXEDPOLYGONALFACE((10,62,176));
#908=IFCINDEXEDPOLYGONALFACE((220,147,106));
#909=IFCINDEXEDPOLYGONALFACE((90,29,373));
#910=IFCINDEXEDPOLYGONALFACE((70,148,199));
#911=IFCINDEXEDPOLYGONALFACE((103,37,36));
#912=IFCINDEXEDPOLYGONALFACE((71,197,306));
#913=IFCINDEXEDPOLYGONALFACE((117,187,44));
#914=IFCINDEXEDPOLYGONALFACE((62,44,56));
#915=IFCINDEXEDPOLYGONALFACE((254,252,244));
#916=IFCINDEXEDPOLYGONALFACE((59,196,159));
#917=IFCINDEXEDPOLYGONALFACE((158,141,154));
#918=IFCINDEXEDPOLYGONALFACE((300,301,241));
#919=IFCINDEXEDPOLYGONALFACE((23,127,32));
#920=IFCINDEXEDPOLYGONALFACE((309,303,304));
#921=IFCINDEXEDPOLYGONALFACE((295,329,304));
#922=IFCINDEXEDPOLYGONALFACE((369,367,25));
#923=IFCINDEXEDPOLYGONALFACE((119,102,106));
#924=IFCINDEXEDPOLYGONALFACE((232,269,318));
#925=IFCINDEXEDPOLYGONALFACE((208,170,63));
#926=IFCINDEXEDPOLYGONALFACE((239,97,171));
#927=IFCINDEXEDPOLYGONALFACE((124,28,213));
#928=IFCINDEXEDPOLYGONALFACE((268,155,75));
#929=IFCINDEXEDPOLYGONALFACE((101,270,269));
#930=IFCINDEXEDPOLYGONALFACE((277,9,7));
#931=IFCINDEXEDPOLYGONALFACE((320,306,236));
#932=IFCINDEXEDPOLYGONALFACE((222,193,236));
#933=IFCINDEXEDPOLYGONALFACE((173,115,50));
#934=IFCINDEXEDPOLYGONALFACE((299,313,267));
#935=IFCINDEXEDPOLYGONALFACE((162,207,212));
#936=IFCINDEXEDPOLYGONALFACE((98,306,197));
#937=IFCINDEXEDPOLYGONALFACE((295,296,328));
#938=IFCINDEXEDPOLYGONALFACE((84,81,128));
#939=IFCINDEXEDPOLYGONALFACE((302,299,297));
#940=IFCINDEXEDPOLYGONALFACE((212,115,173));
#941=IFCINDEXEDPOLYGONALFACE((317,323,254));
#942=IFCINDEXEDPOLYGONALFACE((211,205,204));
#943=IFCINDEXEDPOLYGONALFACE((39,177,175));
#944=IFCINDEXEDPOLYGONALFACE((334,263,292));
#945=IFCINDEXEDPOLYGONALFACE((283,279,286));
#946=IFCINDEXEDPOLYGONALFACE((129,38,16));
#947=IFCINDEXEDPOLYGONALFACE((102,349,249));
#948=IFCINDEXEDPOLYGONALFACE((197,71,12));
#949=IFCINDEXEDPOLYGONALFACE((330,331,310));
#950=IFCINDEXEDPOLYGONALFACE((300,308,310));
#951=IFCINDEXEDPOLYGONALFACE((205,203,190));
#952=IFCINDEXEDPOLYGONALFACE((133,1,2));
#953=IFCINDEXEDPOLYGONALFACE((85,206,92));
#954=IFCINDEXEDPOLYGONALFACE((360,234,39));
#955=IFCINDEXEDPOLYGONALFACE((122,157,47));
#956=IFCINDEXEDPOLYGONALFACE((281,280,282));
#957=IFCINDEXEDPOLYGONALFACE((250,220,249));
#958=IFCINDEXEDPOLYGONALFACE((58,55,214));
#959=IFCINDEXEDPOLYGONALFACE((234,360,138));
#960=IFCINDEXEDPOLYGONALFACE((141,172,298));
#961=IFCINDEXEDPOLYGONALFACE((27,112,45));
#962=IFCINDEXEDPOLYGONALFACE((146,182,181));
#963=IFCINDEXEDPOLYGONALFACE((144,145,181));
#964=IFCINDEXEDPOLYGONALFACE((195,194,185));
#965=IFCINDEXEDPOLYGONALFACE((228,221,223));
#966=IFCINDEXEDPOLYGONALFACE((49,215,358));
#967=IFCINDEXEDPOLYGONALFACE((74,163,34));
#968=IFCINDEXEDPOLYGONALFACE((221,72,218));
#969=IFCINDEXEDPOLYGONALFACE((146,145,107));
#970=IFCINDEXEDPOLYGONALFACE((194,195,204));
#971=IFCINDEXEDPOLYGONALFACE((46,123,64));
#972=IFCINDEXEDPOLYGONALFACE((366,98,86));
#973=IFCINDEXEDPOLYGONALFACE((48,107,114));
#974=IFCINDEXEDPOLYGONALFACE((198,104,95));
#975=IFCINDEXEDPOLYGONALFACE((74,183,132));
#976=IFCINDEXEDPOLYGONALFACE((21,30,12));
#977=IFCINDEXEDPOLYGONALFACE((288,150,111));
#978=IFCINDEXEDPOLYGONALFACE((75,155,225));
#979=IFCINDEXEDPOLYGONALFACE((166,168,262));
#980=IFCINDEXEDPOLYGONALFACE((223,119,230));
#981=IFCINDEXEDPOLYGONALFACE((26,20,92));
#982=IFCINDEXEDPOLYGONALFACE((219,235,88));
#983=IFCINDEXEDPOLYGONALFACE((322,264,325));
#984=IFCINDEXEDPOLYGONALFACE((257,224,220));
#985=IFCINDEXEDPOLYGONALFACE((289,309,104));
#986=IFCINDEXEDPOLYGONALFACE((228,146,108));
#987=IFCINDEXEDPOLYGONALFACE((119,223,218));
#988=IFCINDEXEDPOLYGONALFACE((367,28,124));
#989=IFCINDEXEDPOLYGONALFACE((327,324,325));
#990=IFCINDEXEDPOLYGONALFACE((40,50,115));
#991=IFCINDEXEDPOLYGONALFACE((321,252,248));
#992=IFCINDEXEDPOLYGONALFACE((13,86,98));
#993=IFCINDEXEDPOLYGONALFACE((5,375,374));
#994=IFCINDEXEDPOLYGONALFACE((135,217,87));
#995=IFCINDEXEDPOLYGONALFACE((156,147,224));
#996=IFCINDEXEDPOLYGONALFACE((163,74,63));
#997=IFCINDEXEDPOLYGONALFACE((56,157,142));
#998=IFCINDEXEDPOLYGONALFACE((88,190,203));
#999=IFCINDEXEDPOLYGONALFACE((24,34,163));
#1000=IFCINDEXEDPOLYGONALFACE((14,202,78));
#1001=IFCINDEXEDPOLYGONALFACE((248,252,260));
#1002=IFCINDEXEDPOLYGONALFACE((78,169,26));
#1003=IFCINDEXEDPOLYGONALFACE((16,134,17));
#1004=IFCINDEXEDPOLYGONALFACE((161,160,164));
#1005=IFCINDEXEDPOLYGONALFACE((291,284,287));
#1006=IFCINDEXEDPOLYGONALFACE((127,30,18));
#1007=IFCINDEXEDPOLYGONALFACE((182,192,199));
#1008=IFCINDEXEDPOLYGONALFACE((319,77,71));
#1009=IFCINDEXEDPOLYGONALFACE((225,69,232));
#1010=IFCINDEXEDPOLYGONALFACE((302,303,309));
#1011=IFCINDEXEDPOLYGONALFACE((13,7,36));
#1012=IFCINDEXEDPOLYGONALFACE((308,22,87));
#1013=IFCINDEXEDPOLYGONALFACE((262,139,79));
#1014=IFCINDEXEDPOLYGONALFACE((131,24,73));
#1015=IFCINDEXEDPOLYGONALFACE((370,369,213));
#1016=IFCINDEXEDPOLYGONALFACE((92,206,100));
#1017=IFCINDEXEDPOLYGONALFACE((89,136,233));
#1018=IFCINDEXEDPOLYGONALFACE((332,316,165));
#1019=IFCINDEXEDPOLYGONALFACE((189,122,136));
#1020=IFCINDEXEDPOLYGONALFACE((326,316,332));
#1021=IFCINDEXEDPOLYGONALFACE((117,142,122));
#1022=IFCINDEXEDPOLYGONALFACE((132,134,16));
#1023=IFCINDEXEDPOLYGONALFACE((134,132,183));
#1024=IFCINDEXEDPOLYGONALFACE((239,238,230));
#1025=IFCINDEXEDPOLYGONALFACE((180,181,96));
#1026=IFCINDEXEDPOLYGONALFACE((99,105,113));
#1027=IFCINDEXEDPOLYGONALFACE((22,61,131));
#1028=IFCINDEXEDPOLYGONALFACE((321,247,249));
#1029=IFCINDEXEDPOLYGONALFACE((156,97,120));
#1030=IFCINDEXEDPOLYGONALFACE((148,96,181));
#1031=IFCINDEXEDPOLYGONALFACE((152,125,126));
#1032=IFCINDEXEDPOLYGONALFACE((240,36,37));
#1033=IFCINDEXEDPOLYGONALFACE((14,68,183));
#1034=IFCINDEXEDPOLYGONALFACE((293,296,295));
#1035=IFCINDEXEDPOLYGONALFACE((148,70,112));
#1036=IFCINDEXEDPOLYGONALFACE((313,299,325));
#1037=IFCINDEXEDPOLYGONALFACE((154,66,170));
#1038=IFCINDEXEDPOLYGONALFACE((226,6,123));
#1039=IFCINDEXEDPOLYGONALFACE((349,347,339));
#1040=IFCINDEXEDPOLYGONALFACE((318,315,324));
#1041=IFCINDEXEDPOLYGONALFACE((326,325,299));
#1042=IFCINDEXEDPOLYGONALFACE((112,27,59));
#1043=IFCINDEXEDPOLYGONALFACE((262,168,198));
#1044=IFCINDEXEDPOLYGONALFACE((272,202,51));
#1045=IFCINDEXEDPOLYGONALFACE((318,269,261));
#1046=IFCINDEXEDPOLYGONALFACE((167,65,57));
#1047=IFCINDEXEDPOLYGONALFACE((271,270,266));
#1048=IFCINDEXEDPOLYGONALFACE((218,72,246));
#1049=IFCINDEXEDPOLYGONALFACE((94,149,179));
#1050=IFCINDEXEDPOLYGONALFACE((40,62,153));
#1051=IFCINDEXEDPOLYGONALFACE((8,84,121));
#1052=IFCINDEXEDPOLYGONALFACE((32,18,64));
#1053=IFCINDEXEDPOLYGONALFACE((88,15,109));
#1054=IFCINDEXEDPOLYGONALFACE((133,31,128));
#1055=IFCINDEXEDPOLYGONALFACE((193,79,319));
#1056=IFCINDEXEDPOLYGONALFACE((370,368,367));
#1057=IFCINDEXEDPOLYGONALFACE((6,103,9));
#1058=IFCINDEXEDPOLYGONALFACE((214,55,186));
#1059=IFCINDEXEDPOLYGONALFACE((200,222,75));
#1060=IFCINDEXEDPOLYGONALFACE((375,319,79));
#1061=IFCINDEXEDPOLYGONALFACE((95,104,309));
#1062=IFCINDEXEDPOLYGONALFACE((221,108,49));
#1063=IFCINDEXEDPOLYGONALFACE((36,240,273));
#1064=IFCINDEXEDPOLYGONALFACE((69,225,155));
#1065=IFCINDEXEDPOLYGONALFACE((316,326,302));
#1066=IFCINDEXEDPOLYGONALFACE((297,294,304));
#1067=IFCINDEXEDPOLYGONALFACE((195,179,159));
#1068=IFCINDEXEDPOLYGONALFACE((110,281,186));
#1069=IFCINDEXEDPOLYGONALFACE((323,322,324));
#1070=IFCINDEXEDPOLYGONALFACE((172,141,83));
#1071=IFCINDEXEDPOLYGONALFACE((61,307,219));
#1072=IFCINDEXEDPOLYGONALFACE((283,284,291));
#1073=IFCINDEXEDPOLYGONALFACE((184,235,175));
#1074=IFCINDEXEDPOLYGONALFACE((349,102,246));
#1075=IFCINDEXEDPOLYGONALFACE((174,165,166));
#1076=IFCINDEXEDPOLYGONALFACE((48,105,363));
#1077=IFCINDEXEDPOLYGONALFACE((199,192,237));
#1078=IFCINDEXEDPOLYGONALFACE((164,172,242));
#1079=IFCINDEXEDPOLYGONALFACE((217,66,298));
#1080=IFCINDEXEDPOLYGONALFACE((193,222,200));
#1081=IFCINDEXEDPOLYGONALFACE((253,168,166));
#1082=IFCINDEXEDPOLYGONALFACE((202,14,116));
#1083=IFCINDEXEDPOLYGONALFACE((236,306,366));
#1084=IFCINDEXEDPOLYGONALFACE((170,66,73));
#1085=IFCINDEXEDPOLYGONALFACE((360,300,328));
#1086=IFCINDEXEDPOLYGONALFACE((143,285,110));
#1087=IFCINDEXEDPOLYGONALFACE((252,254,261));
#1088=IFCINDEXEDPOLYGONALFACE((131,109,116));
#1089=IFCINDEXEDPOLYGONALFACE((104,198,168));
#1090=IFCINDEXEDPOLYGONALFACE((126,58,99));
#1091=IFCINDEXEDPOLYGONALFACE((47,67,275));
#1092=IFCINDEXEDPOLYGONALFACE((230,119,120));
#1093=IFCINDEXEDPOLYGONALFACE((67,259,89));
#1094=IFCINDEXEDPOLYGONALFACE((257,256,271));
#1095=IFCINDEXEDPOLYGONALFACE((257,255,231));
#1096=IFCINDEXEDPOLYGONALFACE((316,289,253));
#1097=IFCINDEXEDPOLYGONALFACE((17,26,3));
#1098=IFCINDEXEDPOLYGONALFACE((273,240,171));
#1099=IFCINDEXEDPOLYGONALFACE((362,99,58));
#1100=IFCINDEXEDPOLYGONALFACE((48,49,108));
#1101=IFCINDEXEDPOLYGONALFACE((160,298,172));
#1102=IFCINDEXEDPOLYGONALFACE((190,88,235));
#1103=IFCINDEXEDPOLYGONALFACE((258,270,271));
#1104=IFCINDEXEDPOLYGONALFACE((155,268,366));
#1105=IFCINDEXEDPOLYGONALFACE((169,272,20));
#1106=IFCINDEXEDPOLYGONALFACE((312,332,174));
#1107=IFCINDEXEDPOLYGONALFACE((273,101,43));
#1108=IFCINDEXEDPOLYGONALFACE((264,322,317));
#1109=IFCINDEXEDPOLYGONALFACE((287,138,296));
#1110=IFCINDEXEDPOLYGONALFACE((159,179,149));
#1111=IFCINDEXEDPOLYGONALFACE((267,313,305));
#1112=IFCINDEXEDPOLYGONALFACE((126,111,150));
#1113=IFCINDEXEDPOLYGONALFACE((288,113,114));
#1114=IFCINDEXEDPOLYGONALFACE((266,270,101));
#1115=IFCINDEXEDPOLYGONALFACE((123,6,42));
#1116=IFCINDEXEDPOLYGONALFACE((255,266,171));
#1117=IFCINDEXEDPOLYGONALFACE((34,24,116));
#1118=IFCINDEXEDPOLYGONALFACE((91,35,3));
#1119=IFCINDEXEDPOLYGONALFACE((287,285,143));
#1120=IFCINDEXEDPOLYGONALFACE((77,4,12));
#1121=IFCINDEXEDPOLYGONALFACE((95,333,178));
#1122=IFCINDEXEDPOLYGONALFACE((285,279,280));
#1123=IFCINDEXEDPOLYGONALFACE((242,83,139));
#1124=IFCINDEXEDPOLYGONALFACE((332,312,318));
#1125=IFCINDEXEDPOLYGONALFACE((226,238,239));
#1126=IFCINDEXEDPOLYGONALFACE((175,235,219));
#1127=IFCINDEXEDPOLYGONALFACE((177,152,94));
#1128=IFCINDEXEDPOLYGONALFACE((103,6,226));
#1129=IFCINDEXEDPOLYGONALFACE((372,25,371));
#1130=IFCINDEXEDPOLYGONALFACE((101,232,69));
#1131=IFCINDEXEDPOLYGONALFACE((146,228,192));
#1132=IFCINDEXEDPOLYGONALFACE((52,4,77));
#1133=IFCINDEXEDPOLYGONALFACE((133,81,60));
#1134=IFCINDEXEDPOLYGONALFACE((28,209,243));
#1135=IFCINDEXEDPOLYGONALFACE((110,58,126));
#1136=IFCINDEXEDPOLYGONALFACE((140,142,188));
#1137=IFCINDEXEDPOLYGONALFACE((82,109,131));
#1138=IFCINDEXEDPOLYGONALFACE((109,15,51));
#1139=IFCINDEXEDPOLYGONALFACE((210,151,29));
#1140=IFCINDEXEDPOLYGONALFACE((45,18,30));
#1141=IFCINDEXEDPOLYGONALFACE((204,195,196));
#1142=IFCINDEXEDPOLYGONALFACE((229,230,238));
#1143=IFCINDEXEDPOLYGONALFACE((161,87,217));
#1144=IFCINDEXEDPOLYGONALFACE((305,313,264));
#1145=IFCINDEXEDPOLYGONALFACE((84,76,60));
#1146=IFCINDEXEDPOLYGONALFACE((185,194,190));
#1147=IFCINDEXEDPOLYGONALFACE((5,1,133));
#1148=IFCINDEXEDPOLYGONALFACE((226,46,237));
#1149=IFCINDEXEDPOLYGONALFACE((23,9,277));
#1150=IFCINDEXEDPOLYGONALFACE((76,84,8));
#1151=IFCINDEXEDPOLYGONALFACE((294,267,274));
#1152=IFCINDEXEDPOLYGONALFACE((145,144,114));
#1153=IFCINDEXEDPOLYGONALFACE((41,15,203));
#1154=IFCINDEXEDPOLYGONALFACE((13,11,43));
#1155=IFCINDEXEDPOLYGONALFACE((234,143,125));
#1156=IFCINDEXEDPOLYGONALFACE((40,16,38));
#1157=IFCINDEXEDPOLYGONALFACE((272,41,85));
#1158=IFCINDEXEDPOLYGONALFACE((215,49,48));
#1159=IFCINDEXEDPOLYGONALFACE((39,137,241));
#1160=IFCINDEXEDPOLYGONALFACE((311,274,292));
#1161=IFCINDEXEDPOLYGONALFACE((69,251,86));
#1162=IFCINDEXEDPOLYGONALFACE((310,87,161));
#1163=IFCINDEXEDPOLYGONALFACE((248,256,250));
#1164=IFCINDEXEDPOLYGONALFACE((68,78,17));
#1165=IFCINDEXEDPOLYGONALFACE((156,231,171));
#1166=IFCINDEXEDPOLYGONALFACE((59,27,8));
#1167=IFCINDEXEDPOLYGONALFACE((54,33,371));
#1168=IFCINDEXEDPOLYGONALFACE((237,192,228));
#1169=IFCINDEXEDPOLYGONALFACE((362,363,105));
#1170=IFCINDEXEDPOLYGONALFACE((291,293,314));
#1171=IFCINDEXEDPOLYGONALFACE((45,112,70));
#1172=IFCINDEXEDPOLYGONALFACE((62,40,63));
#1173=IFCINDEXEDPOLYGONALFACE((91,31,19));
#1174=IFCINDEXEDPOLYGONALFACE((269,270,260));
#1175=IFCINDEXEDPOLYGONALFACE((53,3,35));
#1176=IFCINDEXEDPOLYGONALFACE((67,47,187));
#1177=IFCINDEXEDPOLYGONALFACE((135,73,66));
#1178=IFCINDEXEDPOLYGONALFACE((333,329,330));
#1179=IFCINDEXEDPOLYGONALFACE((315,261,254));
#1180=IFCINDEXEDPOLYGONALFACE((127,23,12));
#1181=IFCINDEXEDPOLYGONALFACE((100,121,128));
#1182=IFCINDEXEDPOLYGONALFACE((319,375,5));
#1183=IFCINDEXEDPOLYGONALFACE((374,83,158));
#1184=IFCINDEXEDPOLYGONALFACE((375,139,83));
#1185=IFCINDEXEDPOLYGONALFACE((314,293,274));
#1186=IFCPOLYGONALFACESET(#472,.F.,(#473,#474,#475,#476,#477,#478,#479,#480,#481,#482,#483,#484,#485,#486,#487,#488,#489,#490,#491,#492,#493,#494,#495,#496,#497,#498,#499,#500,#501,#502,#503,#504,#505,#506,#507,#508,#509,#510,#511,#512,#513,#514,#515,#516,#517,#518,#519,#520,#521,#522,#523,#524,#525,#526,#527,#528,#529,#530,#531,#532,#533,#534,#535,#536,#537,#538,#539,#540,#541,#542,#543,#544,#545,#546,#547,#548,#549,#550,#551,#552,#553,#554,#555,#556,#557,#558,#559,#560,#561,#562,#563,#564,#565,#566,#567,#568,#569,#570,#571,#572,#573,#574,#575,#576,#577,#578,#579,#580,#581,#582,#583,#584,#585,#586,#587,#588,#589,#590,#591,#592,#593,#594,#595,#596,#597,#598,#599,#600,#601,#602,#603,#604,#605,#606,#607,#608,#609,#610,#611,#612,#613,#614,#615,#616,#617,#618,#619,#620,#621,#622,#623,#624,#625,#626,#627,#628,#629,#630,#631,#632,#633,#634,#635,#636,#637,#638,#639,#640,#641,#642,#643,#644,#645,#646,#647,#648,#649,#650,#651,#652,#653,#654,#655,#656,#657,#658,#659,#660,#661,#662,#663,#664,#665,#666,#667,#668,#669,#670,#671,#672,#673,#674,#675,#676,#677,#678,#679,#680,#681,#682,#683,#684,#685,#686,#687,#688,#689,#690,#691,#692,#693,#694,#695,#696,#697,#698,#699,#700,#701,#702,#703,#704,#705,#706,#707,#708,#709,#710,#711,#712,#713,#714,#715,#716,#717,#718,#719,#720,#721,#722,#723,#724,#725,#726,#727,#728,#729,#730,#731,#732,#733,#734,#735,#736,#737,#738,#739,#740,#741,#742,#743,#744,#745,#746,#747,#748,#749,#750,#751,#752,#753,#754,#755,#756,#757,#758,#759,#760,#761,#762,#763,#764,#765,#766,#767,#768,#769,#770,#771,#772,#773,#774,#775,#776,#777,#778,#779,#780,#781,#782,#783,#784,#785,#786,#787,#788,#789,#790,#791,#792,#793,#794,#795,#796,#797,#798,#799,#800,#801,#802,#803,#804,#805,#806,#807,#808,#809,#810,#811,#812,#813,#814,#815,#816,#817,#818,#819,#820,#821,#822,#823,#824,#825,#826,#827,#828,#829,#830,#831,#832,#833,#834,#835,#836,#837,#838,#839,#840,#841,#842,#843,#844,#845,#846,#847,#848,#849,#850,#851,#852,#853,#854,#855,#856,#857,#858,#859,#860,#861,#862,#863,#864,#865,#866,#867,#868,#869,#870,#871,#872,#873,#874,#875,#876,#877,#878,#879,#880,#881,#882,#883,#884,#885,#886,#887,#888,#889,#890,#891,#892,#893,#894,#895,#896,#897,#898,#899,#900,#901,#902,#903,#904,#905,#906,#907,#908,#909,#910,#911,#912,#913,#914,#915,#916,#917,#918,#919,#920,#921,#922,#923,#924,#925,#926,#927,#928,#929,#930,#931,#932,#933,#934,#935,#936,#937,#938,#939,#940,#941,#942,#943,#944,#945,#946,#947,#948,#949,#950,#951,#952,#953,#954,#955,#956,#957,#958,#959,#960,#961,#962,#963,#964,#965,#966,#967,#968,#969,#970,#971,#972,#973,#974,#975,#976,#977,#978,#979,#980,#981,#982,#983,#984,#985,#986,#987,#988,#989,#990,#991,#992,#993,#994,#995,#996,#997,#998,#999,#1000,#1001,#1002,#1003,#1004,#1005,#1006,#1007,#1008,#1009,#1010,#1011,#1012,#1013,#1014,#1015,#1016,#1017,#1018,#1019,#1020,#1021,#1022,#1023,#1024,#1025,#1026,#1027,#1028,#1029,#1030,#1031,#1032,#1033,#1034,#1035,#1036,#1037,#1038,#1039,#1040,#1041,#1042,#1043,#1044,#1045,#1046,#1047,#1048,#1049,#1050,#1051,#1052,#1053,#1054,#1055,#1056,#1057,#1058,#1059,#1060,#1061,#1062,#1063,#1064,#1065,#1066,#1067,#1068,#1069,#1070,#1071,#1072,#1073,#1074,#1075,#1076,#1077,#1078,#1079,#1080,#1081,#1082,#1083,#1084,#1085,#1086,#1087,#1088,#1089,#1090,#1091,#1092,#1093,#1094,#1095,#1096,#1097,#1098,#1099,#1100,#1101,#1102,#1103,#1104,#1105,#1106,#1107,#1108,#1109,#1110,#1111,#1112,#1113,#1114,#1115,#1116,#1117,#1118,#1119,#1120,#1121,#1122,#1123,#1124,#1125,#1126,#1127,#1128,#1129,#1130,#1131,#1132,#1133,#1134,#1135,#1136,#1137,#1138,#1139,#1140,#1141,#1142,#1143,#1144,#1145,#1146,#1147,#1148,#1149,#1150,#1151,#1152,#1153,#1154,#1155,#1156,#1157,#1158,#1159,#1160,#1161,#1162,#1163,#1164,#1165,#1166,#1167,#1168,#1169,#1170,#1171,#1172,#1173,#1174,#1175,#1176,#1177,#1178,#1179,#1180,#1181,#1182,#1183,#1184,#1185),$);
#1187=IFCSHAPEREPRESENTATION(#11,'Body','Tessellation',(#1186));
#1188=IFCREPRESENTATIONMAP(#465,#1187);
#1189=IFCCARTESIANPOINT((0.,0.,0.));
#1190=IFCDIRECTION((0.,0.,1.));
#1191=IFCDIRECTION((1.,0.,0.));
#1192=IFCAXIS2PLACEMENT3D(#1189,#1190,#1191);
#1198=IFCCARTESIANPOINTLIST2D(((-0.16138637065887501,0.00039007142186164899),(-0.16297847032547,0.030639871954917901),(-0.152914509177208,0.057619865983724601),(-0.14871649444103199,0.0795774236321449),(-0.14939200878143299,0.10206690430641201),(-0.15144681930542001,0.12579809129238101),(-0.15758013725280801,0.132616892457008),(-0.16909050941467299,0.13041937351226801),(-0.18084418773651101,0.118465758860111),(-0.182052731513977,0.090630009770393399),(-0.18383193016052199,0.055283334106206901),(-0.18368494510650599,0.039627186954021502),(-0.19272436201572399,-0.0046748407185077702)),$);
#1199=IFCINDEXEDPOLYCURVE(#1198,$,$);
#1200=IFCCARTESIANPOINTLIST2D(((-0.173348978161812,0.020354844629764599),(-0.16315957903862,0.061749301850795697),(-0.15742804110050199,0.097412213683128399),(-0.16507010161876701,0.119064696133137)),$);
#1201=IFCINDEXEDPOLYCURVE(#1200,$,$);
#1202=IFCCARTESIANPOINTLIST2D(((-0.16045610606670399,0.037401944398879998),(-0.13022089004516599,0.047908123582601499),(-0.097748041152954102,0.054015122354030602),(-0.074405312538147,0.073566257953643799),(-0.037302732467651402,0.089545197784900707),(-0.0052443146705627398,0.085480168461799594),(0.044999957084655803,0.068915322422981304),(0.076898872852325398,0.042041316628456102),(0.10000002384185799,0.020000003278255501),(0.112531423568726,-0.013411968946456901),(0.11093932390213,-0.0415389761328697),(0.10191744565963699,-0.074442259967327104),(0.12868034839630099,-0.063855491578578893),(0.13848847150802601,-0.043241940438747399),(0.13483798503875699,-0.0135693177580833),(0.123972177505493,0.0051988437771797198),(0.10000002384185799,0.020000003278255501)),$);
#1203=IFCINDEXEDPOLYCURVE(#1202,$,$);
#1204=IFCCARTESIANPOINTLIST2D(((-0.041328907012939502,0.060599461197853102),(-0.055480837821960401,0.046889759600162499),(-0.0780355930328369,0.036718048155307798),(-0.099263548851013197,0.018585853278636901),(-0.13641238212585399,0.0044339001178741498)),$);
#1205=IFCINDEXEDPOLYCURVE(#1204,$,$);
#1206=IFCCARTESIANPOINTLIST2D(((-0.14391028881073001,0.0084718838334083592),(-0.12702083587646501,0.023335754871368401),(-0.099574208259582506,0.049370177090167999),(-0.068585038185119601,0.068806946277618394),(-0.029643118381500199,0.076339155435562106),(-0.0267347097396851,0.071213424205780002),(-0.033810734748840297,0.058388218283653301),(-0.058576583862304701,0.019028104841709099),(-0.103685975074768,-0.0079490616917610203),(-0.130663156509399,-0.0145827829837799)),$);
#1207=IFCINDEXEDPOLYCURVE(#1206,$,$);
#1208=IFCCARTESIANPOINTLIST2D(((0.10191744565963699,-0.074442259967327104),(0.077632784843444796,-0.098971568048000294),(0.043521404266357401,-0.123003117740154),(-0.00187504291534424,-0.136098772287369),(-0.044741272926330601,-0.130966305732727),(-0.075568199157714802,-0.10562425106763799),(-0.11444731801748299,-0.103237792849541),(-0.14834499359130901,-0.102713964879513),(-0.12938737869262701,-0.0837726220488548),(-0.112089991569519,-0.052320875227451297)),$);
#1209=IFCINDEXEDPOLYCURVE(#1208,$,$);
#1210=IFCCARTESIANPOINTLIST2D(((-0.14834499359130901,-0.102713964879513),(-0.16057014465332001,-0.11072414368391),(-0.187541648745537,-0.117346309125423),(-0.205768346786499,-0.106695257127285),(-0.214284062385559,-0.090513281524181394),(-0.22201275825500499,-0.043585158884525299),(-0.21763527393341101,-0.023688860237598398),(-0.18934997916221599,0.0118629187345505)),$);
#1211=IFCINDEXEDPOLYCURVE(#1210,$,$);
#1212=IFCGEOMETRICCURVESET((#1199,#1201,#1203,#1205,#1207,#1209,#1211));
#1213=IFCSHAPEREPRESENTATION(#24,'Body','Annotation2D',(#1212));
#1214=IFCREPRESENTATIONMAP(#1192,#1213);
#1215=IFCFURNITURETYPE('02XxQ_3oT0SPrmFPATrt7o',$,'BUN01',$,$,$,(#1188,#1214),$,$,.NOTDEFINED.,.NOTDEFINED.);
#4780=IFCSLABTYPE('0NbKtXgYfE_QD$Zp7uaSeM',$,'RCC_0.12D',$,$,$,$,$,$,.NOTDEFINED.);
#4781=IFCRELASSOCIATESMATERIAL('2mtgamOBD2SR$arZiPqHrj',$,$,$,(#4780),#4784);
#4782=IFCMATERIAL('BrickWall',$,$);
#4783=IFCMATERIALLAYER(#4782,0.10000000149011599,$,$,$,$,$);
#4784=IFCMATERIALLAYERSET((#4783),$,$);
#4785=IFCMATERIALDEFINITIONREPRESENTATION($,$,(#4795),#4782);
#4791=IFCCOLOURRGB($,1.,1.,1.);
#4792=IFCSURFACESTYLESHADING(#4791,$);
#4793=IFCSURFACESTYLE('Wall',.BOTH.,(#4792));
#4794=IFCSTYLEDITEM($,(#4793),'Wall');
#4795=IFCSTYLEDREPRESENTATION(#10,$,$,(#4794));
#4796=IFCSLABTYPE('3xd2QM2$b9$fK5PQUcAfDq',$,'FloorPCC',$,$,$,$,$,$,.NOTDEFINED.);
#4797=IFCRELASSOCIATESMATERIAL('1bY1gs0Qf9ogyVlB0PIDcD',$,$,$,(#4796),#4800);
#4798=IFCMATERIAL('Concrete',$,$);
#4799=IFCMATERIALLAYER(#4798,0.10000000149011599,$,$,$,$,$);
#4800=IFCMATERIALLAYERSET((#4799),$,$);
#4801=IFCMATERIALDEFINITIONREPRESENTATION($,$,(#4812),#4798);
#4808=IFCCOLOURRGB($,0.79639482498168901,0.54909008741378795,0.50278973579406705);
#4809=IFCSURFACESTYLESHADING(#4808,$);
#4810=IFCSURFACESTYLE('Concrete',.BOTH.,(#4809));
#4811=IFCSTYLEDITEM($,(#4810),'Concrete');
#4812=IFCSTYLEDREPRESENTATION(#11,'Body',$,(#4811));
#4924=IFCWALL('2g5QwPxf1C2O48vwK8BgEm',$,'Wall',$,$,#5341,#4932,$,$);
#4925=IFCRELCONTAINEDINSPATIALSTRUCTURE('0jRGSBoHD6IP5yfUeLOFs0',$,$,$,(#5127,#5312,#5402,#6225,#5281,#5862,#5152,#5372,#5811,#5681,#5342,#5513,#6250,#5483,#4924,#5585,#5102,#6275,#5618,#5059,#5432,#5214,#6311,#6034,#6200,#5959,#6313,#6425),#39);
#4926=IFCRELDEFINESBYTYPE('0g2_01alX3lOkVCszZ0BRX',$,$,$,(#5059,#4924,#5102,#5127,#5152,#5214,#5342,#5372,#5402,#5432,#5483,#5513,#5618,#5681,#5811,#5862,#5959,#6034,#6200,#6225,#6250,#6275,#6313),#389);
#4927=IFCMATERIALLAYERSETUSAGE(#392,.AXIS2.,.NEGATIVE.,0.,$);
#4928=IFCRELASSOCIATESMATERIAL('3utoMe9Cz6qvrZ8OhcqP7m',$,$,$,(#4924),#4927);
#4932=IFCPRODUCTDEFINITIONSHAPE($,$,(#5058,#5055));
#4948=IFCPROPERTYSET('2_h2w$G6nEF8gfg9CQPwSL',$,'EPset_Parametric',$,(#4950));
#4949=IFCRELDEFINESBYPROPERTIES('3zOPHwAOTAgfbjdLV3emcj',$,$,$,(#4924),#4948);
#4950=IFCPROPERTYSINGLEVALUE('Engine',$,IFCLABEL('Bonsai.DumbLayer2'),$);
#5046=IFCCARTESIANPOINTLIST2D(((0.,-0.25),(0.,0.),(3.9999694823054588,0.),(3.9999694823054588,-0.25)),$);
#5047=IFCINDEXEDPOLYCURVE(#5046,(IFCLINEINDEX((1,2,3,4,1))),$);
#5048=IFCARBITRARYCLOSEDPROFILEDEF(.AREA.,$,#5047);
#5049=IFCCARTESIANPOINT((0.,0.,0.));
#5050=IFCDIRECTION((0.,0.,1.));
#5051=IFCDIRECTION((1.,0.,0.));
#5052=IFCAXIS2PLACEMENT3D(#5049,#5050,#5051);
#5053=IFCDIRECTION((0.,0.,1.));
#5054=IFCEXTRUDEDAREASOLID(#5048,#5052,#5053,3.);
#5055=IFCSHAPEREPRESENTATION(#11,'Body','SweptSolid',(#5054));
#5056=IFCCARTESIANPOINTLIST2D(((0.,0.),(3.9999694823054588,0.)),$);
#5057=IFCINDEXEDPOLYCURVE(#5056,$,$);
#5058=IFCSHAPEREPRESENTATION(#23,'Axis','Curve2D',(#5057));
#5059=IFCWALL('2nClytvRD8QgoU2F3BgpRS',$,'Wall',$,$,#5371,#5065,$,$);
#5060=IFCMATERIALLAYERSETUSAGE(#392,.AXIS2.,.POSITIVE.,0.,$);
#5061=IFCRELASSOCIATESMATERIAL('3mfZCUePT5ZPyp83wEVmc8',$,$,$,(#5059),#5060);
#5065=IFCPRODUCTDEFINITIONSHAPE($,$,(#5096,#5093));
#5081=IFCPROPERTYSET('2L3e6q_fnFkug6Fm0pWS_1',$,'EPset_Parametric',$,(#5083));
#5082=IFCRELDEFINESBYPROPERTIES('11xLRLfwz3kgDdwJ9WLF6R',$,$,$,(#5059),#5081);
#5083=IFCPROPERTYSINGLEVALUE('Engine',$,IFCLABEL('Bonsai.DumbLayer2'),$);
#5084=IFCCARTESIANPOINTLIST2D(((0.,0.),(0.,0.25),(4.6963844028628321,0.25),(4.6963844028628321,0.)),$);
#5085=IFCINDEXEDPOLYCURVE(#5084,(IFCLINEINDEX((1,2,3,4,1))),$);
#5086=IFCARBITRARYCLOSEDPROFILEDEF(.AREA.,$,#5085);
#5087=IFCCARTESIANPOINT((0.,0.,0.));
#5088=IFCDIRECTION((0.,0.,1.));
#5089=IFCDIRECTION((1.,0.,0.));
#5090=IFCAXIS2PLACEMENT3D(#5087,#5088,#5089);
#5091=IFCDIRECTION((0.,0.,1.));
#5092=IFCEXTRUDEDAREASOLID(#5086,#5090,#5091,3.);
#5093=IFCSHAPEREPRESENTATION(#11,'Body','SweptSolid',(#5092));
#5094=IFCCARTESIANPOINTLIST2D(((0.,0.),(4.6963844028628321,0.)),$);
#5095=IFCINDEXEDPOLYCURVE(#5094,$,$);
#5096=IFCSHAPEREPRESENTATION(#23,'Axis','Curve2D',(#5095));
#5102=IFCWALL('3a1ldmCrnFQ949w5BWdu2a',$,'Wall',$,$,#5401,#5113,$,$);
#5108=IFCRELDEFINESBYPROPERTIES('3olNRJg$17GuiAIhivDJTa',$,$,$,(#5102),#5109);
#5109=IFCPROPERTYSET('3wWfxOAarBtPOwBt10_TBa',$,'EPset_Parametric',$,(#5110));
#5110=IFCPROPERTYSINGLEVALUE('Engine',$,IFCLABEL('Bonsai.DumbLayer2'),$);
#5111=IFCRELASSOCIATESMATERIAL('2W0aLEEXDFy8uVgiST6w9D',$,$,$,(#5102),#5112);
#5112=IFCMATERIALLAYERSETUSAGE(#392,.AXIS2.,.POSITIVE.,0.,$);
#5113=IFCPRODUCTDEFINITIONSHAPE($,$,(#5114,#5117));
#5114=IFCSHAPEREPRESENTATION(#23,'Axis','Curve2D',(#5115));
#5115=IFCINDEXEDPOLYCURVE(#5116,$,$);
#5116=IFCCARTESIANPOINTLIST2D(((0.,0.),(4.6963844028628321,0.)),$);
#5117=IFCSHAPEREPRESENTATION(#11,'Body','SweptSolid',(#5118));
#5118=IFCEXTRUDEDAREASOLID(#5119,#5122,#5126,3.);
#5119=IFCARBITRARYCLOSEDPROFILEDEF(.AREA.,$,#5120);
#5120=IFCINDEXEDPOLYCURVE(#5121,(IFCLINEINDEX((1,2,3,4,1))),$);
#5121=IFCCARTESIANPOINTLIST2D(((0.,0.),(0.,0.25),(4.6963844028628321,0.25),(4.6963844028628321,0.)),$);
#5122=IFCAXIS2PLACEMENT3D(#5123,#5124,#5125);
#5123=IFCCARTESIANPOINT((0.,0.,0.));
#5124=IFCDIRECTION((0.,0.,1.));
#5125=IFCDIRECTION((1.,0.,0.));
#5126=IFCDIRECTION((0.,0.,1.));
#5127=IFCWALL('3aP5VZPe9BMhLcyRJuWhW$',$,'Wall',$,$,#5617,#5138,$,$);
#5133=IFCRELDEFINESBYPROPERTIES('27wWKd1I91ufQH_jdQ06DV',$,$,$,(#5127),#5134);
#5134=IFCPROPERTYSET('30R35Pjb12DuFwcftuMN_7',$,'EPset_Parametric',$,(#5135));
#5135=IFCPROPERTYSINGLEVALUE('Engine',$,IFCLABEL('Bonsai.DumbLayer2'),$);
#5136=IFCRELASSOCIATESMATERIAL('0U5xDDgZT4FA0Nw37LxLR_',$,$,$,(#5127),#5137);
#5137=IFCMATERIALLAYERSETUSAGE(#392,.AXIS2.,.POSITIVE.,0.,$);
#5138=IFCPRODUCTDEFINITIONSHAPE($,$,(#5724,#5721));
#5152=IFCWALL('2fXTIEK692nACG_k$S_bK7',$,'Wall',$,$,#5760,#5163,$,$);
#5158=IFCRELDEFINESBYPROPERTIES('1ANCR6yj56FfI5UyknQwIB',$,$,$,(#5152),#5159);
#5159=IFCPROPERTYSET('2MhtD3JlX8SO3MSOQ8hj5f',$,'EPset_Parametric',$,(#5160));
#5160=IFCPROPERTYSINGLEVALUE('Engine',$,IFCLABEL('Bonsai.DumbLayer2'),$);
#5161=IFCRELASSOCIATESMATERIAL('3ABMm3XzXBkRVU66ep1oQY',$,$,$,(#5152),#5162);
#5162=IFCMATERIALLAYERSETUSAGE(#392,.AXIS2.,.POSITIVE.,0.,$);
#5163=IFCPRODUCTDEFINITIONSHAPE($,$,(#5275,#5272));
#5214=IFCWALL('2axFwd6CTDl969O2gzLeku',$,'Wall',$,$,#5765,#5225,$,$);
#5220=IFCRELDEFINESBYPROPERTIES('1_eELzSJf8jOXSCgieabIr',$,$,$,(#5214),#5221);
#5221=IFCPROPERTYSET('39gz3cKQP0zgQ7HWkDGhpn',$,'EPset_Parametric',$,(#5222));
#5222=IFCPROPERTYSINGLEVALUE('Engine',$,IFCLABEL('Bonsai.DumbLayer2'),$);
#5223=IFCRELASSOCIATESMATERIAL('3_$to5lAD4qedJP4OcwXhh',$,$,$,(#5214),#5224);
#5224=IFCMATERIALLAYERSETUSAGE(#392,.AXIS2.,.POSITIVE.,0.,$);
#5225=IFCPRODUCTDEFINITIONSHAPE($,$,(#5257,#5254));
#5244=IFCRELCONNECTSPATHELEMENTS('2R6NHeul96EeZEqRJ9A_XM',$,$,$,$,#5214,#5152,(),(),.ATSTART.,.ATSTART.);
#5245=IFCCARTESIANPOINTLIST2D(((0.25000000000000477,0.),(-4.8676838559913449E-08,0.25),(5.2787842747939084,0.25),(5.2787842747939084,0.)),$);
#5246=IFCINDEXEDPOLYCURVE(#5245,(IFCLINEINDEX((1,2,3,4,1))),$);
#5247=IFCARBITRARYCLOSEDPROFILEDEF(.AREA.,$,#5246);
#5248=IFCCARTESIANPOINT((0.,0.,0.));
#5249=IFCDIRECTION((0.,0.,1.));
#5250=IFCDIRECTION((1.,0.,0.));
#5251=IFCAXIS2PLACEMENT3D(#5248,#5249,#5250);
#5252=IFCDIRECTION((0.,0.,1.));
#5253=IFCEXTRUDEDAREASOLID(#5247,#5251,#5252,3.);
#5254=IFCSHAPEREPRESENTATION(#11,'Body','SweptSolid',(#5253));
#5255=IFCCARTESIANPOINTLIST2D(((0.,0.),(5.2787842747939084,0.)),$);
#5256=IFCINDEXEDPOLYCURVE(#5255,$,$);
#5257=IFCSHAPEREPRESENTATION(#23,'Axis','Curve2D',(#5256));
#5263=IFCCARTESIANPOINTLIST2D(((-0.25000000000000477,0.),(4.8676838559913449E-08,0.25),(4.1963580663214612,0.25),(4.1963580663214612,0.)),$);
#5264=IFCINDEXEDPOLYCURVE(#5263,(IFCLINEINDEX((1,2,3,4,1))),$);
#5265=IFCARBITRARYCLOSEDPROFILEDEF(.AREA.,$,#5264);
#5266=IFCCARTESIANPOINT((0.,0.,0.));
#5267=IFCDIRECTION((0.,0.,1.));
#5268=IFCDIRECTION((1.,0.,0.));
#5269=IFCAXIS2PLACEMENT3D(#5266,#5267,#5268);
#5270=IFCDIRECTION((0.,0.,1.));
#5271=IFCEXTRUDEDAREASOLID(#5265,#5269,#5270,3.);
#5272=IFCSHAPEREPRESENTATION(#11,'Body','SweptSolid',(#5271));
#5273=IFCCARTESIANPOINTLIST2D(((0.,0.),(4.1963580663214612,0.)),$);
#5274=IFCINDEXEDPOLYCURVE(#5273,$,$);
#5275=IFCSHAPEREPRESENTATION(#23,'Axis','Curve2D',(#5274));
#5281=IFCSLAB('3o6ScKJL91VevtMnR2ZcPa',$,'Slab',$,$,#5311,#5296,$,$);
#5282=IFCRELDEFINESBYTYPE('0BiqwB3rT7fuaGv4UTsnWT',$,$,$,(#5312,#5281),#377);
#5283=IFCMATERIALLAYERSETUSAGE(#380,.AXIS3.,.POSITIVE.,-0.30000001192092896,$);
#5284=IFCRELASSOCIATESMATERIAL('3k7wflKFj0WxlaX9qKoa$J',$,$,$,(#5281),#5283);
#5292=IFCDIRECTION((0.,0.,1.));
#5294=IFCEXTRUDEDAREASOLID(#5306,#5303,#5292,0.29999999999999999);
#5295=IFCSHAPEREPRESENTATION(#11,'Body','SweptSolid',(#5294));
#5296=IFCPRODUCTDEFINITIONSHAPE($,$,(#5295));
#5297=IFCPROPERTYSET('0qxn6Se9LE0PmfxNqcxwtc',$,'EPset_Parametric',$,(#5299));
#5298=IFCRELDEFINESBYPROPERTIES('30lwxgXM5ELuXx8xPyabBZ',$,$,$,(#5281),#5297);
#5299=IFCPROPERTYSINGLEVALUE('Engine',$,IFCLABEL('Bonsai.DumbLayer3'),$);
#5300=IFCCARTESIANPOINT((-0.,-0.,-0.30000001192092896));
#5301=IFCDIRECTION((0.,0.,1.));
#5302=IFCDIRECTION((1.,0.,0.));
#5303=IFCAXIS2PLACEMENT3D(#5300,#5301,#5302);
#5304=IFCCARTESIANPOINTLIST2D(((14.749987602233887,-0.099999904632568359),(14.749987602233887,10.737489700317383),(-1.3492527008056641,10.737489700317383),(-1.3492527008056641,4.9999947547912598),(0.,4.9999947547912598),(0.,4.2749953269958496),(-0.5,4.2749953269958496),(-0.5,1.7249979972839355),(-0.10000038146972656,1.7249979972839355),(-0.10000038146972656,-0.099999904632568359),(14.749987602233887,-0.099999904632568359)),$);
#5305=IFCINDEXEDPOLYCURVE(#5304,$,$);
#5306=IFCARBITRARYCLOSEDPROFILEDEF(.AREA.,$,#5305);
#5307=IFCCARTESIANPOINT((15.13145923614502,7.5945754051208496,0.44999998807907104));
#5308=IFCDIRECTION((0.,0.,1.));
#5309=IFCDIRECTION((1.,0.,0.));
#5310=IFCAXIS2PLACEMENT3D(#5307,#5308,#5309);
#5311=IFCLOCALPLACEMENT(#62,#5310);
#5312=IFCSLAB('2b_Ov4p8n4Kxhq96PA15Hu',$,'Slab',$,$,#5770,#5323,$,$);
#5318=IFCRELDEFINESBYPROPERTIES('3d_v0Vr1X1MfQFGpA9$BSv',$,$,$,(#5312),#5319);
#5319=IFCPROPERTYSET('00lSGX_SnCGhehcCYUoA$R',$,'EPset_Parametric',$,(#5320));
#5320=IFCPROPERTYSINGLEVALUE('Engine',$,IFCLABEL('Bonsai.DumbLayer3'),$);
#5321=IFCRELASSOCIATESMATERIAL('0k2Vh4_sHC3AYBOZov3MOu',$,$,$,(#5312),#5322);
#5322=IFCMATERIALLAYERSETUSAGE(#380,.AXIS3.,.POSITIVE.,-0.30000001192092896,$);
#5323=IFCPRODUCTDEFINITIONSHAPE($,$,(#5324));
#5324=IFCSHAPEREPRESENTATION(#11,'Body','SweptSolid',(#5325));
#5325=IFCEXTRUDEDAREASOLID(#5336,#5329,#5333,0.29999999999999999);
#5329=IFCAXIS2PLACEMENT3D(#5330,#5331,#5332);
#5330=IFCCARTESIANPOINT((-0.,-0.,-0.30000001192092896));
#5331=IFCDIRECTION((0.,0.,1.));
#5332=IFCDIRECTION((1.,0.,0.));
#5333=IFCDIRECTION((0.,0.,1.));
#5334=IFCCARTESIANPOINTLIST2D(((-0.10000038146972656,-0.099999904632568359),(-0.10000038146972656,1.7249979972839355),(-0.5,1.7249979972839355),(-0.5,4.2749953269958496),(0.,4.2749953269958496),(0.,4.9999947547912598),(-1.3492527008056641,4.9999947547912598),(-1.3492527008056641,10.737489700317383),(14.749987602233887,10.737489700317383),(14.749987602233887,-0.099999904632568359),(-0.10000038146972656,-0.099999904632568359)),$);
#5335=IFCINDEXEDPOLYCURVE(#5334,$,$);
#5336=IFCARBITRARYCLOSEDPROFILEDEF(.AREA.,$,#5335);
#5337=IFCCARTESIANPOINT((16.131458282470703,8.594573974609375,0.44999998807907104));
#5338=IFCDIRECTION((0.,0.,1.));
#5339=IFCDIRECTION((3.1391647326017846E-07,1.,0.));
#5340=IFCAXIS2PLACEMENT3D(#5337,#5338,#5339);
#5341=IFCLOCALPLACEMENT(#62,#5340);
#5342=IFCWALL('3eQzJkWdzE7Arbv_Cup_Cf',$,'Wall',$,$,#5775,#5353,$,$);
#5348=IFCRELDEFINESBYPROPERTIES('2EhGC5qFL5mQj4RQTQ11zW',$,$,$,(#5342),#5349);
#5349=IFCPROPERTYSET('1$8YccTXvEJfM9TwykncGw',$,'EPset_Parametric',$,(#5350));
#5350=IFCPROPERTYSINGLEVALUE('Engine',$,IFCLABEL('Bonsai.DumbLayer2'),$);
#5351=IFCRELASSOCIATESMATERIAL('3SDsB$v4zFIe_iy5crwO5v',$,$,$,(#5342),#5352);
#5352=IFCMATERIALLAYERSETUSAGE(#392,.AXIS2.,.NEGATIVE.,0.,$);
#5353=IFCPRODUCTDEFINITIONSHAPE($,$,(#5354,#5357));
#5354=IFCSHAPEREPRESENTATION(#23,'Axis','Curve2D',(#5355));
#5355=IFCINDEXEDPOLYCURVE(#5356,$,$);
#5356=IFCCARTESIANPOINTLIST2D(((0.,0.),(3.9999694823054588,0.)),$);
#5357=IFCSHAPEREPRESENTATION(#11,'Body','SweptSolid',(#5358));
#5358=IFCEXTRUDEDAREASOLID(#5359,#5362,#5366,3.);
#5359=IFCARBITRARYCLOSEDPROFILEDEF(.AREA.,$,#5360);
#5360=IFCINDEXEDPOLYCURVE(#5361,(IFCLINEINDEX((1,2,3,4,1))),$);
#5361=IFCCARTESIANPOINTLIST2D(((0.,-0.25),(0.,0.),(3.9999694823054588,0.),(3.9999694823054588,-0.25)),$);
#5362=IFCAXIS2PLACEMENT3D(#5363,#5364,#5365);
#5363=IFCCARTESIANPOINT((0.,0.,0.));
#5364=IFCDIRECTION((0.,0.,1.));
#5365=IFCDIRECTION((1.,0.,0.));
#5366=IFCDIRECTION((0.,0.,1.));
#5367=IFCCARTESIANPOINT((16.381460189819336,12.344544410705566,0.44999998807907104));
#5368=IFCDIRECTION((0.,0.,1.));
#5369=IFCDIRECTION((1.,5.7220458984375E-06,0.));
#5370=IFCAXIS2PLACEMENT3D(#5367,#5368,#5369);
#5371=IFCLOCALPLACEMENT(#62,#5370);
#5372=IFCWALL('3IgxOSc8vBLPinlfq36kVb',$,'Wall',$,$,#5780,#5383,$,$);
#5378=IFCRELDEFINESBYPROPERTIES('0mHvccfx1BERckYrZ66dGs',$,$,$,(#5372),#5379);
#5379=IFCPROPERTYSET('0mjGloeF56WwqIQxEg4oC_',$,'EPset_Parametric',$,(#5380));
#5380=IFCPROPERTYSINGLEVALUE('Engine',$,IFCLABEL('Bonsai.DumbLayer2'),$);
#5381=IFCRELASSOCIATESMATERIAL('2a5ZwF2FL11O3peUi2IuXw',$,$,$,(#5372),#5382);
#5382=IFCMATERIALLAYERSETUSAGE(#392,.AXIS2.,.POSITIVE.,0.,$);
#5383=IFCPRODUCTDEFINITIONSHAPE($,$,(#5384,#5387));
#5384=IFCSHAPEREPRESENTATION(#23,'Axis','Curve2D',(#5385));
#5385=IFCINDEXEDPOLYCURVE(#5386,$,$);
#5386=IFCCARTESIANPOINTLIST2D(((0.,0.),(4.6963844028628321,0.)),$);
#5387=IFCSHAPEREPRESENTATION(#11,'Body','SweptSolid',(#5388));
#5388=IFCEXTRUDEDAREASOLID(#5389,#5392,#5396,3.);
#5389=IFCARBITRARYCLOSEDPROFILEDEF(.AREA.,$,#5390);
#5390=IFCINDEXEDPOLYCURVE(#5391,(IFCLINEINDEX((1,2,3,4,1))),$);
#5391=IFCCARTESIANPOINTLIST2D(((0.,0.),(0.,0.25),(4.6963844028628321,0.25),(4.6963844028628321,0.)),$);
#5392=IFCAXIS2PLACEMENT3D(#5393,#5394,#5395);
#5393=IFCCARTESIANPOINT((0.,0.,0.));
#5394=IFCDIRECTION((0.,0.,1.));
#5395=IFCDIRECTION((1.,0.,0.));
#5396=IFCDIRECTION((0.,0.,1.));
#5397=IFCCARTESIANPOINT((16.381460189819336,8.594573974609375,0.44999998807907104));
#5398=IFCDIRECTION((0.,0.,1.));
#5399=IFCDIRECTION((1.,5.7220458984375E-06,0.));
#5400=IFCAXIS2PLACEMENT3D(#5397,#5398,#5399);
#5401=IFCLOCALPLACEMENT(#62,#5400);
#5402=IFCWALL('36XHtx4oz8Ehg3RUl2NTJc',$,'Wall',$,$,#5785,#5413,$,$);
#5408=IFCRELDEFINESBYPROPERTIES('15z$A53lX6L80NpJi6sKiP',$,$,$,(#5402),#5409);
#5409=IFCPROPERTYSET('2dP0r6ghf6OhBJzXW9GGhR',$,'EPset_Parametric',$,(#5410));
#5410=IFCPROPERTYSINGLEVALUE('Engine',$,IFCLABEL('Bonsai.DumbLayer2'),$);
#5411=IFCRELASSOCIATESMATERIAL('2DjhFQmzH2993CEfPgg2$1',$,$,$,(#5402),#5412);
#5412=IFCMATERIALLAYERSETUSAGE(#392,.AXIS2.,.POSITIVE.,0.,$);
#5413=IFCPRODUCTDEFINITIONSHAPE($,$,(#5414,#5417));
#5414=IFCSHAPEREPRESENTATION(#23,'Axis','Curve2D',(#5415));
#5415=IFCINDEXEDPOLYCURVE(#5416,$,$);
#5416=IFCCARTESIANPOINTLIST2D(((0.,0.),(4.6963844028628321,0.)),$);
#5417=IFCSHAPEREPRESENTATION(#11,'Body','SweptSolid',(#5418));
#5418=IFCEXTRUDEDAREASOLID(#5419,#5422,#5426,3.);
#5419=IFCARBITRARYCLOSEDPROFILEDEF(.AREA.,$,#5420);
#5420=IFCINDEXEDPOLYCURVE(#5421,(IFCLINEINDEX((1,2,3,4,1))),$);
#5421=IFCCARTESIANPOINTLIST2D(((0.,0.),(0.,0.25),(4.6963844028628321,0.25),(4.6963844028628321,0.)),$);
#5422=IFCAXIS2PLACEMENT3D(#5423,#5424,#5425);
#5423=IFCCARTESIANPOINT((0.,0.,0.));
#5424=IFCDIRECTION((0.,0.,1.));
#5425=IFCDIRECTION((1.,0.,0.));
#5426=IFCDIRECTION((0.,0.,1.));
#5432=IFCWALL('19rNqbneH08Pkzp4TsVRLb',$,'Wall',$,$,#5790,#5443,$,$);
#5438=IFCRELDEFINESBYPROPERTIES('3Lh4Im7o5Et8TtFYGAQly_',$,$,$,(#5432),#5439);
#5439=IFCPROPERTYSET('1uPW5TvUzCphtD$pAJhwTC',$,'EPset_Parametric',$,(#5440));
#5440=IFCPROPERTYSINGLEVALUE('Engine',$,IFCLABEL('Bonsai.DumbLayer2'),$);
#5441=IFCRELASSOCIATESMATERIAL('2U94Wpi71AZuUHfsz_LF1q',$,$,$,(#5432),#5442);
#5442=IFCMATERIALLAYERSETUSAGE(#392,.AXIS2.,.POSITIVE.,0.,$);
#5443=IFCPRODUCTDEFINITIONSHAPE($,$,(#6424,#6421));
#5483=IFCWALL('1KtuZH0xn1svu3RQgpkjOq',$,'Wall',$,$,#5795,#5494,$,$);
#5489=IFCRELASSOCIATESMATERIAL('0h1Paw6X10Ahv6Wt8_5gy5',$,$,$,(#5483),#5490);
#5490=IFCMATERIALLAYERSETUSAGE(#392,.AXIS2.,.POSITIVE.,0.,$);
#5491=IFCRELDEFINESBYPROPERTIES('2NzitUj8D3yxZennSomkQi',$,$,$,(#5483),#5492);
#5492=IFCPROPERTYSET('2AncQSyKDEu8n0t7RyhQZA',$,'EPset_Parametric',$,(#5493));
#5493=IFCPROPERTYSINGLEVALUE('Engine',$,IFCLABEL('Bonsai.DumbLayer2'),$);
#5494=IFCPRODUCTDEFINITIONSHAPE($,$,(#5579,#5576));
#5513=IFCWALL('2CGUXpsfDFyeSwHv_f2B$v',$,'Wall',$,$,#5800,#5524,$,$);
#5519=IFCRELDEFINESBYPROPERTIES('1d5ci0KcT2ox7jAig9pUNa',$,$,$,(#5513),#5520);
#5520=IFCPROPERTYSET('0c7O8LpTb62OnaebmLQRjX',$,'EPset_Parametric',$,(#5521));
#5521=IFCPROPERTYSINGLEVALUE('Engine',$,IFCLABEL('Bonsai.DumbLayer2'),$);
#5522=IFCRELASSOCIATESMATERIAL('1pdMlPyt94jPPYlQHLqWB7',$,$,$,(#5513),#5523);
#5523=IFCMATERIALLAYERSETUSAGE(#392,.AXIS2.,.NEGATIVE.,0.,$);
#5524=IFCPRODUCTDEFINITIONSHAPE($,$,(#5561,#5558));
#5548=IFCRELCONNECTSPATHELEMENTS('2ej7GEhn9BkvpCoC2SvzKg',$,$,$,$,#5513,#5483,(),(),.ATSTART.,.ATSTART.);
#5549=IFCCARTESIANPOINTLIST2D(((0.25000150899514706,-0.25),(0.,0.),(4.1367645908324278,0.),(4.1367645908324278,-0.25)),$);
#5550=IFCINDEXEDPOLYCURVE(#5549,(IFCLINEINDEX((1,2,3,4,1))),$);
#5551=IFCARBITRARYCLOSEDPROFILEDEF(.AREA.,$,#5550);
#5552=IFCCARTESIANPOINT((0.,0.,0.));
#5553=IFCDIRECTION((0.,0.,1.));
#5554=IFCDIRECTION((1.,0.,0.));
#5555=IFCAXIS2PLACEMENT3D(#5552,#5553,#5554);
#5556=IFCDIRECTION((0.,0.,1.));
#5557=IFCEXTRUDEDAREASOLID(#5551,#5555,#5556,3.);
#5558=IFCSHAPEREPRESENTATION(#11,'Body','SweptSolid',(#5557));
#5559=IFCCARTESIANPOINTLIST2D(((0.,0.),(4.1367645908324278,0.)),$);
#5560=IFCINDEXEDPOLYCURVE(#5559,$,$);
#5561=IFCSHAPEREPRESENTATION(#23,'Axis','Curve2D',(#5560));
#5567=IFCCARTESIANPOINTLIST2D(((0.,0.),(0.25000150899514706,0.25),(5.3185001472477031,0.25),(5.3185001472477031,0.)),$);
#5568=IFCINDEXEDPOLYCURVE(#5567,(IFCLINEINDEX((1,2,3,4,1))),$);
#5569=IFCARBITRARYCLOSEDPROFILEDEF(.AREA.,$,#5568);
#5570=IFCCARTESIANPOINT((0.,0.,0.));
#5571=IFCDIRECTION((0.,0.,1.));
#5572=IFCDIRECTION((1.,0.,0.));
#5573=IFCAXIS2PLACEMENT3D(#5570,#5571,#5572);
#5574=IFCDIRECTION((0.,0.,1.));
#5575=IFCEXTRUDEDAREASOLID(#5569,#5573,#5574,3.);
#5576=IFCSHAPEREPRESENTATION(#11,'Body','SweptSolid',(#5575));
#5577=IFCCARTESIANPOINTLIST2D(((0.,0.),(5.3185001472477031,0.)),$);
#5578=IFCINDEXEDPOLYCURVE(#5577,$,$);
#5579=IFCSHAPEREPRESENTATION(#23,'Axis','Curve2D',(#5578));
#5585=IFCSLAB('3Lec81A1D3mfX5id$wjT5j',$,'Slab',$,$,#5805,#5596,$,$);
#5591=IFCRELDEFINESBYPROPERTIES('1V_7b$Zq95puP9E3yy4Uon',$,$,$,(#5585),#5592);
#5592=IFCPROPERTYSET('36zy8Ersf8EutG2zdUIztB',$,'EPset_Parametric',$,(#5593));
#5593=IFCPROPERTYSINGLEVALUE('Engine',$,IFCLABEL('Bonsai.DumbLayer3'),$);
#5596=IFCPRODUCTDEFINITIONSHAPE($,$,(#5597));
#5597=IFCSHAPEREPRESENTATION(#11,'Body','SweptSolid',(#5598));
#5598=IFCEXTRUDEDAREASOLID(#5612,#5602,#5606,0.10000000149011599);
#5602=IFCAXIS2PLACEMENT3D(#5603,#5604,#5605);
#5603=IFCCARTESIANPOINT((-0.,-0.,-0.30000001192092896));
#5604=IFCDIRECTION((0.,0.,1.));
#5605=IFCDIRECTION((1.,0.,0.));
#5606=IFCDIRECTION((0.,0.,1.));
#5607=IFCRELDEFINESBYTYPE('2yLiuzHrzA6hH_pSX5Xq7f',$,$,$,(#5585,#6425),#4780);
#5608=IFCMATERIALLAYERSETUSAGE(#4784,.AXIS3.,.POSITIVE.,-0.30000001192092896,$);
#5609=IFCRELASSOCIATESMATERIAL('0VrOHzDQ59XwxcxmimWobl',$,$,$,(#5585),#5608);
#5610=IFCCARTESIANPOINTLIST2D(((14.749987602233887,10.737489700317383),(0.,10.737489700317383),(0.,4.9999947547912598),(0.,4.2749953269958496),(-0.5,4.2749953269958496),(-0.5,1.7249979972839355),(-0.10000038146972656,1.7249979972839355),(-0.10000038146972656,-0.099999904632568359),(14.749987602233887,-0.099999904632568359),(14.749987602233887,10.737489700317383)),$);
#5611=IFCINDEXEDPOLYCURVE(#5610,$,$);
#5612=IFCARBITRARYCLOSEDPROFILEDEF(.AREA.,$,#5611);
#5613=IFCCARTESIANPOINT((19.631454467773438,12.594570159912109,0.44999998807907104));
#5614=IFCDIRECTION((0.,0.,1.));
#5615=IFCDIRECTION((-5.5273385441978462E-06,1.,0.));
#5616=IFCAXIS2PLACEMENT3D(#5613,#5614,#5615);
#5617=IFCLOCALPLACEMENT(#62,#5616);
#5618=IFCWALL('0HJadcb$X9Nu_rx7M_g_MI',$,'Wall',$,$,#5680,#5629,$,$);
#5624=IFCRELDEFINESBYPROPERTIES('0pt5Dc9FDFXB$TH$rcB9ew',$,$,$,(#5618),#5625);
#5625=IFCPROPERTYSET('3dkTkp8ozAVhjgYqX7WgsV',$,'EPset_Parametric',$,(#5626));
#5626=IFCPROPERTYSINGLEVALUE('Engine',$,IFCLABEL('Bonsai.DumbLayer2'),$);
#5627=IFCRELASSOCIATESMATERIAL('1nInao$EfBPBEKp08IHph2',$,$,$,(#5618),#5628);
#5628=IFCMATERIALLAYERSETUSAGE(#392,.AXIS2.,.POSITIVE.,0.,$);
#5629=IFCPRODUCTDEFINITIONSHAPE($,$,(#5675,#5672));
#5643=IFCRELCONNECTSPATHELEMENTS('2vzHYNWxD4OR8PiFtvYFex',$,$,$,$,#5152,#5618,(),(),.ATEND.,.ATPATH.);
#5663=IFCCARTESIANPOINTLIST2D(((0.,0.),(0.,0.25),(0.99999160655879482,0.25),(0.99999165523563338,0.)),$);
#5664=IFCINDEXEDPOLYCURVE(#5663,(IFCLINEINDEX((1,2,3,4,1))),$);
#5665=IFCARBITRARYCLOSEDPROFILEDEF(.AREA.,$,#5664);
#5666=IFCCARTESIANPOINT((0.,0.,0.));
#5667=IFCDIRECTION((0.,0.,1.));
#5668=IFCDIRECTION((1.,0.,0.));
#5669=IFCAXIS2PLACEMENT3D(#5666,#5667,#5668);
#5670=IFCDIRECTION((0.,0.,1.));
#5671=IFCEXTRUDEDAREASOLID(#5665,#5669,#5670,3.);
#5672=IFCSHAPEREPRESENTATION(#11,'Body','SweptSolid',(#5671));
#5673=IFCCARTESIANPOINTLIST2D(((0.,0.),(0.99999165523563338,2.0783991203643382E-06)),$);
#5674=IFCINDEXEDPOLYCURVE(#5673,$,$);
#5675=IFCSHAPEREPRESENTATION(#23,'Axis','Curve2D',(#5674));
#5676=IFCCARTESIANPOINT((19.631434436838148,16.594566583583809,0.44999998807907104));
#5677=IFCDIRECTION((0.,0.,1.));
#5678=IFCDIRECTION((-5.5273385441134123E-06,0.99999999998472433,0.));
#5679=IFCAXIS2PLACEMENT3D(#5676,#5677,#5678);
#5680=IFCLOCALPLACEMENT(#62,#5679);
#5681=IFCWALL('0XnzbXReD1GwWsZtQCjzri',$,'Wall',$,$,#5810,#5692,$,$);
#5687=IFCRELDEFINESBYPROPERTIES('1KxIPJ_Wb8kBJb8pvHH5UW',$,$,$,(#5681),#5688);
#5688=IFCPROPERTYSET('1LFz_rysT17fh4o5OST6Le',$,'EPset_Parametric',$,(#5689));
#5689=IFCPROPERTYSINGLEVALUE('Engine',$,IFCLABEL('Bonsai.DumbLayer2'),$);
#5690=IFCRELASSOCIATESMATERIAL('1_7iDKJ057z894D9Y2JCIJ',$,$,$,(#5681),#5691);
#5691=IFCMATERIALLAYERSETUSAGE(#392,.AXIS2.,.POSITIVE.,0.,$);
#5692=IFCPRODUCTDEFINITIONSHAPE($,$,(#5755,#5752));
#5712=IFCCARTESIANPOINTLIST2D(((0.,0.),(0.,0.25),(1.0000002384185791,0.25),(1.0000002384185791,0.)),$);
#5713=IFCINDEXEDPOLYCURVE(#5712,(IFCLINEINDEX((1,2,3,4,1))),$);
#5714=IFCARBITRARYCLOSEDPROFILEDEF(.AREA.,$,#5713);
#5715=IFCCARTESIANPOINT((0.,0.,0.));
#5716=IFCDIRECTION((0.,0.,1.));
#5717=IFCDIRECTION((1.,0.,0.));
#5718=IFCAXIS2PLACEMENT3D(#5715,#5716,#5717);
#5719=IFCDIRECTION((0.,0.,1.));
#5720=IFCEXTRUDEDAREASOLID(#5714,#5718,#5719,3.);
#5721=IFCSHAPEREPRESENTATION(#11,'Body','SweptSolid',(#5720));
#5722=IFCCARTESIANPOINTLIST2D(((0.,0.),(1.0000002384185791,-7.5519346864894032E-07)),$);
#5723=IFCINDEXEDPOLYCURVE(#5722,$,$);
#5724=IFCSHAPEREPRESENTATION(#23,'Axis','Curve2D',(#5723));
#5743=IFCCARTESIANPOINTLIST2D(((0.,0.),(0.,0.25),(2.9999961853027344,0.25),(2.9999961853027344,0.)),$);
#5744=IFCINDEXEDPOLYCURVE(#5743,(IFCLINEINDEX((1,2,3,4,1))),$);
#5745=IFCARBITRARYCLOSEDPROFILEDEF(.AREA.,$,#5744);
#5746=IFCCARTESIANPOINT((0.,0.,0.));
#5747=IFCDIRECTION((0.,0.,1.));
#5748=IFCDIRECTION((1.,0.,0.));
#5749=IFCAXIS2PLACEMENT3D(#5746,#5747,#5748);
#5750=IFCDIRECTION((0.,0.,1.));
#5751=IFCEXTRUDEDAREASOLID(#5745,#5749,#5750,0.80000001192092896);
#5752=IFCSHAPEREPRESENTATION(#11,'Body','SweptSolid',(#5751));
#5753=IFCCARTESIANPOINTLIST2D(((0.,0.),(2.9999961853027344,-1.3232056517153978E-06)),$);
#5754=IFCINDEXEDPOLYCURVE(#5753,$,$);
#5755=IFCSHAPEREPRESENTATION(#23,'Axis','Curve2D',(#5754));
#5756=IFCCARTESIANPOINT((16.881486892700195,17.59454345703125,0.44999998807907104));
#5757=IFCDIRECTION((0.,0.,1.));
#5758=IFCDIRECTION((1.,5.7220458984375E-06,0.));
#5759=IFCAXIS2PLACEMENT3D(#5756,#5757,#5758);
#5760=IFCLOCALPLACEMENT(#62,#5759);
#5761=IFCCARTESIANPOINT((16.881486892700195,17.59454345703125,0.44999998807907104));
#5762=IFCDIRECTION((0.,0.,1.));
#5763=IFCDIRECTION((-5.5273385441978462E-06,1.,0.));
#5764=IFCAXIS2PLACEMENT3D(#5761,#5762,#5763);
#5765=IFCLOCALPLACEMENT(#62,#5764);
#5766=IFCCARTESIANPOINT((44.825820922851562,22.376945495605469,3.4500000476837158));
#5767=IFCDIRECTION((0.,0.,1.));
#5768=IFCDIRECTION((1.,0.,0.));
#5769=IFCAXIS2PLACEMENT3D(#5766,#5767,#5768);
#5770=IFCLOCALPLACEMENT(#62,#5769);
#5771=IFCCARTESIANPOINT((16.131458282470703,8.5945720672607422,3.5699999332427979));
#5772=IFCDIRECTION((0.,0.,1.));
#5773=IFCDIRECTION((3.1391647326017846E-07,1.,0.));
#5774=IFCAXIS2PLACEMENT3D(#5771,#5772,#5773);
#5775=IFCLOCALPLACEMENT(#62,#5774);
#5776=IFCCARTESIANPOINT((16.381462097167969,12.344542503356934,3.5699999332427979));
#5777=IFCDIRECTION((0.,0.,1.));
#5778=IFCDIRECTION((1.,5.7220458984375E-06,0.));
#5779=IFCAXIS2PLACEMENT3D(#5776,#5777,#5778);
#5780=IFCLOCALPLACEMENT(#62,#5779);
#5781=IFCCARTESIANPOINT((16.381462097167969,8.5945720672607422,3.5699999332427979));
#5782=IFCDIRECTION((0.,0.,1.));
#5783=IFCDIRECTION((1.,5.7220458984375E-06,0.));
#5784=IFCAXIS2PLACEMENT3D(#5781,#5782,#5783);
#5785=IFCLOCALPLACEMENT(#62,#5784);
#5786=IFCCARTESIANPOINT((16.103965759277344,13.594564437866211,3.5699999332427979));
#5787=IFCDIRECTION((0.,0.,1.));
#5788=IFCDIRECTION((1.,5.7220458984375E-06,0.));
#5789=IFCAXIS2PLACEMENT3D(#5786,#5787,#5788);
#5790=IFCLOCALPLACEMENT(#62,#5789);
#5791=IFCCARTESIANPOINT((13.381464958190918,17.084402084350586,3.5699999332427979));
#5792=IFCDIRECTION((0.,0.,1.));
#5793=IFCDIRECTION((1.,5.7220458984375E-06,0.));
#5794=IFCAXIS2PLACEMENT3D(#5791,#5792,#5793);
#5795=IFCLOCALPLACEMENT(#62,#5794);
#5796=IFCCARTESIANPOINT((13.381464958190918,17.084402084350586,3.5699999332427979));
#5797=IFCDIRECTION((0.,0.,1.));
#5798=IFCDIRECTION((3.1391647326017846E-07,1.,0.));
#5799=IFCAXIS2PLACEMENT3D(#5796,#5797,#5798);
#5800=IFCLOCALPLACEMENT(#62,#5799);
#5801=IFCCARTESIANPOINT((15.13145923614502,7.5945754051208496,3.75));
#5802=IFCDIRECTION((0.,0.,1.));
#5803=IFCDIRECTION((1.,0.,0.));
#5804=IFCAXIS2PLACEMENT3D(#5801,#5802,#5803);
#5805=IFCLOCALPLACEMENT(#62,#5804);
#5806=IFCCARTESIANPOINT((19.631448745727539,13.594570159912109,2.6500000953674316));
#5807=IFCDIRECTION((0.,0.,1.));
#5808=IFCDIRECTION((-5.5273385441978462E-06,1.,0.));
#5809=IFCAXIS2PLACEMENT3D(#5806,#5807,#5808);
#5810=IFCLOCALPLACEMENT(#62,#5809);
#5811=IFCWALL('0Ee82iuFfCDRdhZvtc_V18',$,'Wall',$,$,#6063,#5822,$,$);
#5817=IFCRELDEFINESBYPROPERTIES('1ybd4aLBn798QecXTxcItg',$,$,$,(#5811),#5818);
#5818=IFCPROPERTYSET('3GuX2mkc54kuZ0P_FPAu8s',$,'EPset_Parametric',$,(#5819));
#5819=IFCPROPERTYSINGLEVALUE('Engine',$,IFCLABEL('Bonsai.DumbLayer2'),$);
#5820=IFCRELASSOCIATESMATERIAL('1o3O$t4TrFfx2Og_f6Xu80',$,$,$,(#5811),#5821);
#5821=IFCMATERIALLAYERSETUSAGE(#392,.AXIS2.,.NEGATIVE.,0.,$);
#5822=IFCPRODUCTDEFINITIONSHAPE($,$,(#6199,#6196));
#5862=IFCWALL('0jxWzoQcb8dxhCIr91mPjO',$,'Wall',$,$,#6068,#5873,$,$);
#5868=IFCRELASSOCIATESMATERIAL('0jgw_S2tLD08AFUO2g4opP',$,$,$,(#5862),#5869);
#5869=IFCMATERIALLAYERSETUSAGE(#392,.AXIS2.,.NEGATIVE.,0.,$);
#5870=IFCRELDEFINESBYPROPERTIES('1LF2y7zfLCzut6HNHgkYBG',$,$,$,(#5862),#5871);
#5871=IFCPROPERTYSET('10gx3F_jP2mQACwtFZdGMe',$,'EPset_Parametric',$,(#5872));
#5872=IFCPROPERTYSINGLEVALUE('Engine',$,IFCLABEL('Bonsai.DumbLayer2'),$);
#5873=IFCPRODUCTDEFINITIONSHAPE($,$,(#6091,#6088));
#5959=IFCWALL('0S6QvLn85AnweSQphD$3rc',$,'Wall',$,$,#6073,#5970,$,$);
#5965=IFCRELDEFINESBYPROPERTIES('3$VhltjYPEsApdkCRNDHfj',$,$,$,(#5959),#5966);
#5966=IFCPROPERTYSET('2y1k3fqM9E9x6$1aeEwrqw',$,'EPset_Parametric',$,(#5967));
#5967=IFCPROPERTYSINGLEVALUE('Engine',$,IFCLABEL('Bonsai.DumbLayer2'),$);
#5968=IFCRELASSOCIATESMATERIAL('12v58w1hT1Eh3TZal2obUn',$,$,$,(#5959),#5969);
#5969=IFCMATERIALLAYERSETUSAGE(#392,.AXIS2.,.NEGATIVE.,0.,$);
#5970=IFCPRODUCTDEFINITIONSHAPE($,$,(#6117,#6114));
#6007=IFCRELCONNECTSPATHELEMENTS('2s3vyNf$L069fagCKVXc_I',$,$,$,$,#5959,#5862,(),(),.ATPATH.,.ATEND.);
#6034=IFCWALL('2cmjEtb3582PxRWZfTqmJC',$,'Wall',$,$,#6078,#6045,$,$);
#6040=IFCRELDEFINESBYPROPERTIES('1G4PtrMEr5KBrkPJUbZ4hk',$,$,$,(#6034),#6041);
#6041=IFCPROPERTYSET('1Q5GOpMuPEyuCkhJsh$0BW',$,'EPset_Parametric',$,(#6042));
#6042=IFCPROPERTYSINGLEVALUE('Engine',$,IFCLABEL('Bonsai.DumbLayer2'),$);
#6043=IFCRELASSOCIATESMATERIAL('27lu78Buz4UAJJ9EB98DAY',$,$,$,(#6034),#6044);
#6044=IFCMATERIALLAYERSETUSAGE(#392,.AXIS2.,.NEGATIVE.,0.,$);
#6045=IFCPRODUCTDEFINITIONSHAPE($,$,(#6186,#6183));
#6059=IFCCARTESIANPOINT((14.63145923614502,9.3195734024047852,0.45000004768371582));
#6060=IFCDIRECTION((0.,0.,1.));
#6061=IFCDIRECTION((3.1391647326017846E-07,1.,0.));
#6062=IFCAXIS2PLACEMENT3D(#6059,#6060,#6061);
#6063=IFCLOCALPLACEMENT(#62,#6062);
#6064=IFCCARTESIANPOINT((14.63145923614502,11.369570732116699,0.45000004768371582));
#6065=IFCDIRECTION((0.,0.,1.));
#6066=IFCDIRECTION((6.7154434191252221E-07,1.,0.));
#6067=IFCAXIS2PLACEMENT3D(#6064,#6065,#6066);
#6068=IFCLOCALPLACEMENT(#62,#6067);
#6069=IFCCARTESIANPOINT((15.121655464172363,11.619570732116699,0.45000004768371582));
#6070=IFCDIRECTION((0.,0.,1.));
#6071=IFCDIRECTION((-1.,6.2783294652035693E-07,0.));
#6072=IFCAXIS2PLACEMENT3D(#6069,#6070,#6071);
#6073=IFCLOCALPLACEMENT(#62,#6072);
#6074=IFCCARTESIANPOINT((15.121655464172363,9.3195734024047852,0.45000004768371582));
#6075=IFCDIRECTION((0.,0.,1.));
#6076=IFCDIRECTION((-1.,6.2783294652035693E-07,0.));
#6077=IFCAXIS2PLACEMENT3D(#6074,#6075,#6076);
#6078=IFCLOCALPLACEMENT(#62,#6077);
#6079=IFCCARTESIANPOINTLIST2D(((0.,-0.25),(0.,0.),(0.5,0.),(0.5,-0.25)),$);
#6080=IFCINDEXEDPOLYCURVE(#6079,(IFCLINEINDEX((1,2,3,4,1))),$);
#6081=IFCARBITRARYCLOSEDPROFILEDEF(.AREA.,$,#6080);
#6082=IFCCARTESIANPOINT((0.,0.,0.));
#6083=IFCDIRECTION((0.,0.,1.));
#6084=IFCDIRECTION((1.,0.,0.));
#6085=IFCAXIS2PLACEMENT3D(#6082,#6083,#6084);
#6086=IFCDIRECTION((0.,0.,1.));
#6087=IFCEXTRUDEDAREASOLID(#6081,#6085,#6086,6.);
#6088=IFCSHAPEREPRESENTATION(#11,'Body','SweptSolid',(#6087));
#6089=IFCCARTESIANPOINTLIST2D(((0.,0.),(0.5,0.)),$);
#6090=IFCINDEXEDPOLYCURVE(#6089,$,$);
#6091=IFCSHAPEREPRESENTATION(#23,'Axis','Curve2D',(#6090));
#6105=IFCCARTESIANPOINTLIST2D(((0.,-0.25),(0.,0.),(0.24019606014114864,0.),(0.24019604921329979,-0.25)),$);
#6106=IFCINDEXEDPOLYCURVE(#6105,(IFCLINEINDEX((1,2,3,4,1))),$);
#6107=IFCARBITRARYCLOSEDPROFILEDEF(.AREA.,$,#6106);
#6108=IFCCARTESIANPOINT((0.,0.,0.));
#6109=IFCDIRECTION((0.,0.,1.));
#6110=IFCDIRECTION((1.,0.,0.));
#6111=IFCAXIS2PLACEMENT3D(#6108,#6109,#6110);
#6112=IFCDIRECTION((0.,0.,1.));
#6113=IFCEXTRUDEDAREASOLID(#6107,#6111,#6112,6.);
#6114=IFCSHAPEREPRESENTATION(#11,'Body','SweptSolid',(#6113));
#6115=IFCCARTESIANPOINTLIST2D(((0.,0.),(0.49019606014114891,0.)),$);
#6116=IFCINDEXEDPOLYCURVE(#6115,$,$);
#6117=IFCSHAPEREPRESENTATION(#23,'Axis','Curve2D',(#6116));
#6173=IFCRELCONNECTSPATHELEMENTS('2U4unYgHD7gvE8bBzkE2GM',$,$,$,$,#6034,#5811,(),(),.ATPATH.,.ATEND.);
#6174=IFCCARTESIANPOINTLIST2D(((0.,-0.25),(0.,0.),(0.24019622802733215,0.),(0.24019630650645046,-0.25)),$);
#6175=IFCINDEXEDPOLYCURVE(#6174,(IFCLINEINDEX((1,2,3,4,1))),$);
#6176=IFCARBITRARYCLOSEDPROFILEDEF(.AREA.,$,#6175);
#6177=IFCCARTESIANPOINT((0.,0.,0.));
#6178=IFCDIRECTION((0.,0.,1.));
#6179=IFCDIRECTION((1.,0.,0.));
#6180=IFCAXIS2PLACEMENT3D(#6177,#6178,#6179);
#6181=IFCDIRECTION((0.,0.,1.));
#6182=IFCEXTRUDEDAREASOLID(#6176,#6180,#6181,6.);
#6183=IFCSHAPEREPRESENTATION(#11,'Body','SweptSolid',(#6182));
#6184=IFCCARTESIANPOINTLIST2D(((0.,0.),(0.49019622802734442,0.)),$);
#6185=IFCINDEXEDPOLYCURVE(#6184,$,$);
#6186=IFCSHAPEREPRESENTATION(#23,'Axis','Curve2D',(#6185));
#6187=IFCCARTESIANPOINTLIST2D(((0.,-0.25),(0.,0.),(0.5,0.),(0.5,-0.25)),$);
#6188=IFCINDEXEDPOLYCURVE(#6187,(IFCLINEINDEX((1,2,3,4,1))),$);
#6189=IFCARBITRARYCLOSEDPROFILEDEF(.AREA.,$,#6188);
#6190=IFCCARTESIANPOINT((0.,0.,0.));
#6191=IFCDIRECTION((0.,0.,1.));
#6192=IFCDIRECTION((1.,0.,0.));
#6193=IFCAXIS2PLACEMENT3D(#6190,#6191,#6192);
#6194=IFCDIRECTION((0.,0.,1.));
#6195=IFCEXTRUDEDAREASOLID(#6189,#6193,#6194,6.);
#6196=IFCSHAPEREPRESENTATION(#11,'Body','SweptSolid',(#6195));
#6197=IFCCARTESIANPOINTLIST2D(((0.,0.),(0.5,0.)),$);
#6198=IFCINDEXEDPOLYCURVE(#6197,$,$);
#6199=IFCSHAPEREPRESENTATION(#23,'Axis','Curve2D',(#6198));
#6200=IFCWALL('09o$ts2tz7ahHieJtSEZZA',$,'Wall',$,$,#6454,#6211,$,$);
#6206=IFCRELDEFINESBYPROPERTIES('0rZM4hZH15VBfHDoxQfUK_',$,$,$,(#6200),#6207);
#6207=IFCPROPERTYSET('2nZJAN9uj4zhO8IlM8aSF4',$,'EPset_Parametric',$,(#6208));
#6208=IFCPROPERTYSINGLEVALUE('Engine',$,IFCLABEL('Bonsai.DumbLayer2'),$);
#6209=IFCRELASSOCIATESMATERIAL('3HaYwOMPH1c8KlaMX4VpDO',$,$,$,(#6200),#6210);
#6210=IFCMATERIALLAYERSETUSAGE(#392,.AXIS2.,.NEGATIVE.,0.,$);
#6211=IFCPRODUCTDEFINITIONSHAPE($,$,(#6212,#6215));
#6212=IFCSHAPEREPRESENTATION(#23,'Axis','Curve2D',(#6213));
#6213=IFCINDEXEDPOLYCURVE(#6214,$,$);
#6214=IFCCARTESIANPOINTLIST2D(((0.,0.),(0.5,0.)),$);
#6215=IFCSHAPEREPRESENTATION(#11,'Body','SweptSolid',(#6216));
#6216=IFCEXTRUDEDAREASOLID(#6217,#6220,#6224,6.);
#6217=IFCARBITRARYCLOSEDPROFILEDEF(.AREA.,$,#6218);
#6218=IFCINDEXEDPOLYCURVE(#6219,(IFCLINEINDEX((1,2,3,4,1))),$);
#6219=IFCCARTESIANPOINTLIST2D(((0.,-0.25),(0.,0.),(0.5,0.),(0.5,-0.25)),$);
#6220=IFCAXIS2PLACEMENT3D(#6221,#6222,#6223);
#6221=IFCCARTESIANPOINT((0.,0.,0.));
#6222=IFCDIRECTION((0.,0.,1.));
#6223=IFCDIRECTION((1.,0.,0.));
#6224=IFCDIRECTION((0.,0.,1.));
#6225=IFCWALL('2fcjHzlTTAcQea_C0WHAEM',$,'Wall',$,$,#6459,#6236,$,$);
#6231=IFCRELDEFINESBYPROPERTIES('2Ogzs$JgL4ewGTbJg5kCjn',$,$,$,(#6225),#6232);
#6232=IFCPROPERTYSET('0YlkoUuS5Czw7BzCVyW1cN',$,'EPset_Parametric',$,(#6233));
#6233=IFCPROPERTYSINGLEVALUE('Engine',$,IFCLABEL('Bonsai.DumbLayer2'),$);
#6234=IFCRELASSOCIATESMATERIAL('2SmyMdvkbCkOBKO0OjSB_2',$,$,$,(#6225),#6235);
#6235=IFCMATERIALLAYERSETUSAGE(#392,.AXIS2.,.NEGATIVE.,0.,$);
#6236=IFCPRODUCTDEFINITIONSHAPE($,$,(#6237,#6240));
#6237=IFCSHAPEREPRESENTATION(#23,'Axis','Curve2D',(#6238));
#6238=IFCINDEXEDPOLYCURVE(#6239,$,$);
#6239=IFCCARTESIANPOINTLIST2D(((0.,0.),(0.5,0.)),$);
#6240=IFCSHAPEREPRESENTATION(#11,'Body','SweptSolid',(#6241));
#6241=IFCEXTRUDEDAREASOLID(#6242,#6245,#6249,6.);
#6242=IFCARBITRARYCLOSEDPROFILEDEF(.AREA.,$,#6243);
#6243=IFCINDEXEDPOLYCURVE(#6244,(IFCLINEINDEX((1,2,3,4,1))),$);
#6244=IFCCARTESIANPOINTLIST2D(((0.,-0.25),(0.,0.),(0.5,0.),(0.5,-0.25)),$);
#6245=IFCAXIS2PLACEMENT3D(#6246,#6247,#6248);
#6246=IFCCARTESIANPOINT((0.,0.,0.));
#6247=IFCDIRECTION((0.,0.,1.));
#6248=IFCDIRECTION((1.,0.,0.));
#6249=IFCDIRECTION((0.,0.,1.));
#6250=IFCWALL('1qT9TZrJTEfRZlWJLUW4Nb',$,'Wall',$,$,#6464,#6261,$,$);
#6256=IFCRELASSOCIATESMATERIAL('2puiP5qybDAOy3GCjSYd4m',$,$,$,(#6250),#6257);
#6257=IFCMATERIALLAYERSETUSAGE(#392,.AXIS2.,.NEGATIVE.,0.,$);
#6258=IFCRELDEFINESBYPROPERTIES('3B7uv98Pf3WxiHKyeprVR5',$,$,$,(#6250),#6259);
#6259=IFCPROPERTYSET('1cpzMDOmb4$8uUtoKfI_5p',$,'EPset_Parametric',$,(#6260));
#6260=IFCPROPERTYSINGLEVALUE('Engine',$,IFCLABEL('Bonsai.DumbLayer2'),$);
#6261=IFCPRODUCTDEFINITIONSHAPE($,$,(#6262,#6265));
#6262=IFCSHAPEREPRESENTATION(#23,'Axis','Curve2D',(#6263));
#6263=IFCINDEXEDPOLYCURVE(#6264,$,$);
#6264=IFCCARTESIANPOINTLIST2D(((0.,0.),(0.49019622802734442,0.)),$);
#6265=IFCSHAPEREPRESENTATION(#11,'Body','SweptSolid',(#6266));
#6266=IFCEXTRUDEDAREASOLID(#6267,#6270,#6274,6.);
#6267=IFCARBITRARYCLOSEDPROFILEDEF(.AREA.,$,#6268);
#6268=IFCINDEXEDPOLYCURVE(#6269,(IFCLINEINDEX((1,2,3,4,1))),$);
#6269=IFCCARTESIANPOINTLIST2D(((0.,-0.25),(0.,0.),(0.24019622802733215,0.),(0.24019630650645046,-0.25)),$);
#6270=IFCAXIS2PLACEMENT3D(#6271,#6272,#6273);
#6271=IFCCARTESIANPOINT((0.,0.,0.));
#6272=IFCDIRECTION((0.,0.,1.));
#6273=IFCDIRECTION((1.,0.,0.));
#6274=IFCDIRECTION((0.,0.,1.));
#6275=IFCWALL('1BelyK3ozF4hpxFYHK_Dfn',$,'Wall',$,$,#6469,#6286,$,$);
#6281=IFCRELDEFINESBYPROPERTIES('2WCkyCECL8fBDWM2yRrxtF',$,$,$,(#6275),#6282);
#6282=IFCPROPERTYSET('0k6sI_HAn6Df9GQfpQGn3K',$,'EPset_Parametric',$,(#6283));
#6283=IFCPROPERTYSINGLEVALUE('Engine',$,IFCLABEL('Bonsai.DumbLayer2'),$);
#6284=IFCRELASSOCIATESMATERIAL('0Bkj41opXAk9AcgwC76qmk',$,$,$,(#6275),#6285);
#6285=IFCMATERIALLAYERSETUSAGE(#392,.AXIS2.,.NEGATIVE.,0.,$);
#6286=IFCPRODUCTDEFINITIONSHAPE($,$,(#6287,#6290));
#6287=IFCSHAPEREPRESENTATION(#23,'Axis','Curve2D',(#6288));
#6288=IFCINDEXEDPOLYCURVE(#6289,$,$);
#6289=IFCCARTESIANPOINTLIST2D(((0.,0.),(0.49019606014114891,0.)),$);
#6290=IFCSHAPEREPRESENTATION(#11,'Body','SweptSolid',(#6291));
#6291=IFCEXTRUDEDAREASOLID(#6292,#6295,#6299,6.);
#6292=IFCARBITRARYCLOSEDPROFILEDEF(.AREA.,$,#6293);
#6293=IFCINDEXEDPOLYCURVE(#6294,(IFCLINEINDEX((1,2,3,4,1))),$);
#6294=IFCCARTESIANPOINTLIST2D(((0.,-0.25),(0.,0.),(0.24019606014114864,0.),(0.24019604921329979,-0.25)),$);
#6295=IFCAXIS2PLACEMENT3D(#6296,#6297,#6298);
#6296=IFCCARTESIANPOINT((0.,0.,0.));
#6297=IFCDIRECTION((0.,0.,1.));
#6298=IFCDIRECTION((1.,0.,0.));
#6299=IFCDIRECTION((0.,0.,1.));
#6300=IFCRELCONNECTSPATHELEMENTS('2FHCbhj2nEKh1$4rfrdtLT',$,$,$,$,#6250,#6200,(),(),.ATPATH.,.ATEND.);
#6301=IFCRELCONNECTSPATHELEMENTS('0Ld1R6X0T2agbwjrGIGxiy',$,$,$,$,#6275,#6225,(),(),.ATPATH.,.ATEND.);
#6302=IFCCARTESIANPOINTLIST3D(((-0.75,-0.75,0.),(0.75,-0.75,0.),(-0.75,0.75,0.),(0.75,0.75,0.),(-0.75,0.75,6.),(-0.75,-0.75,6.),(0.75,-0.75,6.),(0.75,0.75,6.)),$);
#6303=IFCINDEXEDPOLYGONALFACE((1,3,4,2));
#6304=IFCINDEXEDPOLYGONALFACE((6,7,8,5));
#6305=IFCINDEXEDPOLYGONALFACE((4,3,5,8));
#6306=IFCINDEXEDPOLYGONALFACE((1,2,7,6));
#6307=IFCINDEXEDPOLYGONALFACE((2,4,8,7));
#6308=IFCINDEXEDPOLYGONALFACE((3,1,6,5));
#6309=IFCPOLYGONALFACESET(#6302,$,(#6303,#6304,#6305,#6306,#6307,#6308),$);
#6310=IFCSHAPEREPRESENTATION(#11,'Body','Tessellation',(#6309));
#6311=IFCBUILDINGELEMENTPROXY('1kpDxnGGH6BPRdB2blRB0w',$,'LIFT',$,$,#6474,#6312,$,.COMPLEX.);
#6312=IFCPRODUCTDEFINITIONSHAPE($,$,(#6310));
#6313=IFCWALL('0L_BJijjT6Zgrt0t9rSlno',$,'Wall',$,$,#6411,#6324,$,$);
#6319=IFCRELASSOCIATESMATERIAL('0Ys7GvcMf8qf5vIG7OcGq8',$,$,$,(#6313),#6320);
#6320=IFCMATERIALLAYERSETUSAGE(#392,.AXIS2.,.POSITIVE.,0.,$);
#6321=IFCRELDEFINESBYPROPERTIES('1jHr8uqWnFLQEvoBLHWCWg',$,$,$,(#6313),#6322);
#6322=IFCPROPERTYSET('1MJajEskrEpR52SxBlZ31q',$,'EPset_Parametric',$,(#6323));
#6323=IFCPROPERTYSINGLEVALUE('Engine',$,IFCLABEL('Bonsai.DumbLayer2'),$);
#6324=IFCPRODUCTDEFINITIONSHAPE($,$,(#6406,#6403));
#6393=IFCRELCONNECTSPATHELEMENTS('2eANXQgZj6d8N5t8Hma8gC',$,$,$,$,#6313,#5432,(),(),.ATPATH.,.ATSTART.);
#6394=IFCCARTESIANPOINTLIST2D(((0.25000000000003242,0.),(0.24999980929023322,0.25),(3.5523238793987808,0.25),(3.5523238793987808,0.)),$);
#6395=IFCINDEXEDPOLYCURVE(#6394,(IFCLINEINDEX((1,2,3,4,1))),$);
#6396=IFCARBITRARYCLOSEDPROFILEDEF(.AREA.,$,#6395);
#6397=IFCCARTESIANPOINT((0.,0.,0.));
#6398=IFCDIRECTION((0.,0.,1.));
#6399=IFCDIRECTION((1.,0.,0.));
#6400=IFCAXIS2PLACEMENT3D(#6397,#6398,#6399);
#6401=IFCDIRECTION((0.,0.,1.));
#6402=IFCEXTRUDEDAREASOLID(#6396,#6400,#6401,3.);
#6403=IFCSHAPEREPRESENTATION(#11,'Body','SweptSolid',(#6402));
#6404=IFCCARTESIANPOINTLIST2D(((0.,0.),(3.5523238793987808,-8.0763129517436028E-07)),$);
#6405=IFCINDEXEDPOLYCURVE(#6404,$,$);
#6406=IFCSHAPEREPRESENTATION(#23,'Axis','Curve2D',(#6405));
#6407=IFCCARTESIANPOINT((17.525522232053682,13.594573379709091,3.5699999332427979));
#6408=IFCDIRECTION((0.,0.,1.));
#6409=IFCDIRECTION((-5.5273385441134123E-06,0.99999999998472433,0.));
#6410=IFCAXIS2PLACEMENT3D(#6407,#6408,#6409);
#6411=IFCLOCALPLACEMENT(#62,#6410);
#6412=IFCCARTESIANPOINTLIST2D(((0.,0.),(0.,0.25),(1.4215561151504517,0.25),(1.4215561151504517,0.)),$);
#6413=IFCINDEXEDPOLYCURVE(#6412,(IFCLINEINDEX((1,2,3,4,1))),$);
#6414=IFCARBITRARYCLOSEDPROFILEDEF(.AREA.,$,#6413);
#6415=IFCCARTESIANPOINT((0.,0.,0.));
#6416=IFCDIRECTION((0.,0.,1.));
#6417=IFCDIRECTION((1.,0.,0.));
#6418=IFCAXIS2PLACEMENT3D(#6415,#6416,#6417);
#6419=IFCDIRECTION((0.,0.,1.));
#6420=IFCEXTRUDEDAREASOLID(#6414,#6418,#6419,3.);
#6421=IFCSHAPEREPRESENTATION(#11,'Body','SweptSolid',(#6420));
#6422=IFCCARTESIANPOINTLIST2D(((0.,0.),(1.4215561151504517,8.0763129517436028E-07)),$);
#6423=IFCINDEXEDPOLYCURVE(#6422,$,$);
#6424=IFCSHAPEREPRESENTATION(#23,'Axis','Curve2D',(#6423));
#6425=IFCSLAB('0C2jN_qQv7owYD$1$sZ9PH',$,'Slab',$,$,#6479,#6436,$,$);
#6431=IFCRELDEFINESBYPROPERTIES('2ufgWOa7n3twl62$WmN7fk',$,$,$,(#6425),#6432);
#6432=IFCPROPERTYSET('0znU5rbd5ApAQdzN33nF3_',$,'EPset_Parametric',$,(#6433));
#6433=IFCPROPERTYSINGLEVALUE('Engine',$,IFCLABEL('Bonsai.DumbLayer3'),$);
#6434=IFCRELASSOCIATESMATERIAL('3XQJuBZurDtPR6lx3JUn9y',$,$,$,(#6425),#6435);
#6435=IFCMATERIALLAYERSETUSAGE(#4784,.AXIS3.,.POSITIVE.,-0.30000001192092896,$);
#6436=IFCPRODUCTDEFINITIONSHAPE($,$,(#6437));
#6437=IFCSHAPEREPRESENTATION(#11,'Body','SweptSolid',(#6438));
#6438=IFCEXTRUDEDAREASOLID(#6449,#6442,#6446,0.10000000149011599);
#6442=IFCAXIS2PLACEMENT3D(#6443,#6444,#6445);
#6443=IFCCARTESIANPOINT((-0.,-0.,-0.30000001192092896));
#6444=IFCDIRECTION((0.,0.,1.));
#6445=IFCDIRECTION((1.,0.,0.));
#6446=IFCDIRECTION((0.,0.,1.));
#6447=IFCCARTESIANPOINTLIST2D(((11.347530364990234,1.1761245727539062),(0.85118961334228516,1.1761245727539062),(0.85118961334228516,2.4660782814025879),(0.56845998764038086,2.4660782814025879),(0.56845998764038086,4.2684798240661621),(0.92187237739562988,4.2684798240661621),(0.92187237739562988,4.7809276580810547),(0.92187237739562988,8.8363313674926758),(11.347530364990234,8.8363313674926758),(11.347530364990234,1.1761245727539062)),$);
#6448=IFCINDEXEDPOLYCURVE(#6447,$,$);
#6449=IFCARBITRARYCLOSEDPROFILEDEF(.AREA.,$,#6448);
#6450=IFCCARTESIANPOINT((18.681453704833984,7.0945758819580078,0.45000004768371582));
#6451=IFCDIRECTION((0.,0.,1.));
#6452=IFCDIRECTION((-1.,3.8941436741879443E-07,0.));
#6453=IFCAXIS2PLACEMENT3D(#6450,#6451,#6452);
#6454=IFCLOCALPLACEMENT(#62,#6453);
#6455=IFCCARTESIANPOINT((16.631458282470703,7.0945758819580078,0.45000004768371582));
#6456=IFCDIRECTION((0.,0.,1.));
#6457=IFCDIRECTION((-1.,6.2783294652035693E-07,0.));
#6458=IFCAXIS2PLACEMENT3D(#6455,#6456,#6457);
#6459=IFCLOCALPLACEMENT(#62,#6458);
#6460=IFCCARTESIANPOINT((18.681453704833984,7.5847721099853516,0.45000004768371582));
#6461=IFCDIRECTION((0.,0.,1.));
#6462=IFCDIRECTION((-4.6491228999911982E-07,-1.,0.));
#6463=IFCAXIS2PLACEMENT3D(#6460,#6461,#6462);
#6464=IFCLOCALPLACEMENT(#62,#6463);
#6465=IFCCARTESIANPOINT((16.381458282470703,7.5847721099853516,0.45000004768371582));
#6466=IFCDIRECTION((0.,0.,1.));
#6467=IFCDIRECTION((-4.6491228999911982E-07,-1.,0.));
#6468=IFCAXIS2PLACEMENT3D(#6465,#6466,#6467);
#6469=IFCLOCALPLACEMENT(#62,#6468);
#6470=IFCCARTESIANPOINT((13.781885147094727,12.819570541381836,0.14999997615814209));
#6471=IFCDIRECTION((0.,0.,1.));
#6472=IFCDIRECTION((1.,0.,0.));
#6473=IFCAXIS2PLACEMENT3D(#6470,#6471,#6472);
#6474=IFCLOCALPLACEMENT(#62,#6473);
#6475=IFCCARTESIANPOINT((3.6452817916870117,17.136384963989258,3.75));
#6476=IFCDIRECTION((0.,0.,1.));
#6477=IFCDIRECTION((1.,0.,0.));
#6478=IFCAXIS2PLACEMENT3D(#6475,#6476,#6477);
#6479=IFCLOCALPLACEMENT(#62,#6478);
ENDSEC;
END-ISO-10303-21;
